"feature_1,feature_2,feature_3,feature_4,feature_5,feature_6,feature_7,feature_8,feature_9,feature_10,feature_11,feature_12,feature_13,feature_14"
"-0.1867906,-0.07232759,1.7117993,0.49632666,0.4441617,1.0031992,1.1619931,0.5167929,1.0879885,0.7847648,1.100292,0.031853106,0.46892992,0.7146761"
"-0.43051654,-0.0006056172,1.1595622,0.4379864,0.5192692,0.941822,0.6660068,0.1395578,0.29117212,0.3433417,0.7085747,0.5866411,0.65304244,0.9199339"
"-0.18277588,0.21046156,1.656037,0.5391536,1.120157,0.4188228,0.7579765,0.13042717,1.2066935,0.25630438,0.43845314,1.2333517,0.8216305,1.3700472"
"0.25066364,0.1740537,1.7159387,0.07557787,0.46314773,0.82711023,0.69084436,0.34530896,1.3566457,0.5475047,0.63711786,-0.15051873,0.32998952,0.82667804"
"0.099858515,-0.2780091,1.2850332,0.3840795,0.5719765,0.88326395,0.31943202,0.16277206,0.9847552,0.8332818,1.4158484,0.81265354,0.71117026,0.7933363"
"-0.061142106,-0.38292256,2.0600705,0.33432192,0.2916054,0.9077915,0.8354608,1.1323303,0.92355543,0.6323289,1.1381774,0.5954299,0.87890077,0.7260154"
"0.0129353665,-0.41207695,1.9180743,0.2500353,0.61779916,1.6030538,0.98989904,1.07831,0.60840046,0.76083827,1.2181532,1.1042356,0.850318,1.269184"
"-0.38818762,-0.39834544,2.0100806,0.97580737,0.19847783,1.3631674,1.1658043,0.77860427,0.94421273,0.48075858,1.435895,1.2127018,0.69251823,1.0812169"
"0.053849667,0.19632569,1.6333567,0.09759068,0.5262549,1.2011615,1.2516799,-0.1001121,1.0008997,1.1791844,1.0121895,0.71482766,0.59733576,1.5806949"
"0.23132348,0.18542555,1.0982907,0.29043728,0.2982466,0.50071144,0.2856201,-0.088802464,1.2096182,0.48281983,0.73511505,0.06644527,0.121099055,0.6663091"
"-0.08734651,0.08907893,1.3378305,0.6661587,0.19898152,1.1968505,0.78763264,-0.007998247,1.1442783,0.043905683,0.9287072,0.49272078,0.8709716,1.6095349"
"-0.21650547,0.4092506,1.1266588,0.07495199,0.65279025,0.9795299,0.13993499,-0.3034524,1.1942775,0.9617873,-0.0023647957,0.58030087,0.29892275,1.3912445"
"-0.21691296,0.1981741,1.1651881,0.49310955,0.18065608,0.8838045,0.47026572,-0.112589985,1.2372898,0.57843846,0.26233447,0.2064355,0.6969145,1.1030043"
"-0.014818954,0.03285007,1.5521568,0.3149994,0.06881717,1.052686,0.64657897,0.35731018,0.89167815,0.4895817,0.62476873,0.61370325,0.33882594,1.0615318"
"-0.23953497,-0.2148908,1.1614761,0.42177653,0.20739204,0.49714565,0.54610866,0.43075147,0.7675138,0.17102098,0.89437366,0.13598098,0.51793206,0.8181177"
"-0.2326495,0.094183765,1.1500821,0.19433768,0.2702182,0.9575841,0.7978555,0.14784856,1.0328804,0.9312256,0.64163417,0.60077655,0.7064299,1.4981899"
"-0.12293932,-0.01540658,1.994874,0.16302347,0.17069009,1.6574167,1.3828958,0.5248112,0.9447004,1.0375224,1.3502035,0.6283698,0.60426414,1.396621"
"0.07294876,0.121216,0.8045208,0.14825791,0.17100284,0.66185254,0.4488562,0.13592042,0.5910127,0.3790856,0.8762185,0.4174064,0.37434584,0.7233458"
"-0.44391137,0.1683435,1.4499217,0.21883768,0.7338695,1.1969507,0.4253592,0.42672843,1.0517367,0.5474476,0.84938604,0.61636394,0.7090518,1.3946656"
"0.19166362,-0.1665679,2.7422757,0.28229138,0.92471224,1.7888533,0.7822372,1.1278652,1.5929153,1.4425179,1.639443,0.78257513,0.5400287,0.86148125"
"-0.9459311,0.47734305,1.1758666,0.80960387,0.18627968,1.3823981,0.6835079,-0.05064276,1.0554974,0.44076008,1.0877906,0.59257185,0.36187884,1.8781983"
"-0.17770556,0.04992856,1.5767305,0.5488153,0.9294875,0.7930691,0.49538013,0.1343587,0.53772444,0.43956265,0.17363939,0.6401329,0.49615934,1.0678604"
"-0.2114345,0.31507453,1.3995953,0.023113394,-0.00864807,1.3013277,0.55441487,0.41332838,0.7598328,0.6645071,0.5861097,0.28271523,0.099798344,1.095089"
"0.10754384,0.3053809,1.124492,0.18429539,0.67872137,0.76302665,0.53477633,-0.25488868,1.2707471,0.33942407,0.8740137,0.6894882,0.47369274,1.3524014"
"-0.12916763,0.38345787,1.4127148,0.23714074,1.0501992,0.8296333,0.7051641,-0.041074123,1.3393635,0.64350003,0.009655812,0.39320922,0.4081955,1.7880055"
"-0.19459249,0.20638281,0.73536545,-0.07190932,0.33345142,0.59056675,0.14180669,-0.10675918,0.74275273,0.57286793,0.14259404,0.3031776,0.59627736,1.0339442"
"-0.40968338,0.23565865,1.3423496,0.32295266,0.6073015,0.7264189,0.30120882,0.038843095,0.26760155,0.33570126,0.23481438,0.9578369,0.7967039,1.1274927"
"-0.14040247,0.08794574,1.378391,0.40814614,0.053764466,0.8750507,1.006666,0.31656143,1.0883633,0.1184412,0.49460608,0.17490624,0.36635628,0.8521656"
"0.21687357,0.13548958,1.4954071,0.49109936,0.43755886,0.825192,0.3924259,0.13334198,1.338466,0.5502402,0.32813376,0.19902843,-0.024542794,0.9438398"
"0.3612029,0.28316158,1.2603873,0.43645456,-0.010901425,0.76942223,0.7275729,0.09035471,0.79564744,0.5705935,0.833661,0.57928276,0.23427951,0.91819704"
"-0.49780256,0.19222522,0.9333537,0.4745454,0.04346745,1.5614835,0.827185,0.37639463,1.1551193,0.7718356,0.95539963,0.7033152,1.1913894,1.3235202"
"-0.5303602,-0.5750503,1.564062,0.8027101,0.74263006,0.80894023,1.1093045,-0.20192559,0.91710204,0.59687895,1.6929058,1.2073132,0.71355945,1.2994087"
"-0.04914942,-0.37669513,1.872926,0.32044592,0.35299736,1.6578999,0.92109007,0.86757016,1.128093,0.6366457,1.1683631,0.25975728,0.5806245,0.7414208"
"-0.13025485,0.19380027,0.7078843,0.7821581,0.4714176,1.050581,0.8867921,-0.5159786,0.8030843,0.42171812,0.7805103,0.7622078,0.48582682,1.2050016"
"-0.054447148,0.09486086,1.6573566,0.12566808,0.6981736,0.5225276,0.63875246,0.41201356,1.0503144,0.5986322,0.16025352,0.41330025,0.16284417,1.132488"
"-0.28979912,0.0051074466,0.90159875,0.23661104,0.42286476,0.87131524,0.5534259,0.14644426,1.0420187,0.24307929,0.57552713,0.41943312,0.34400052,1.0032793"
"-0.5537129,-0.37965292,1.3544711,0.70566213,0.25826722,1.1490604,0.8533455,0.17727399,0.4117213,0.65760636,1.422662,1.4317667,0.95293075,1.5031347"
"-0.071339704,-0.021448322,1.1850826,0.17453565,0.32792497,0.8289995,0.8306139,0.35141495,0.5571598,0.36357784,0.40685484,0.3708725,0.45930803,1.0026152"
"-0.18465427,-0.647855,2.0292213,0.22868136,0.6411235,1.1556364,0.7041564,0.6589033,0.9923566,0.8441291,2.0220256,0.8738657,0.8924907,1.0613277"
"-0.42717162,-0.5388401,1.0969732,0.40950438,0.49642313,0.9100567,0.6539869,0.034780312,0.3767872,1.0204268,1.7341651,1.4134252,1.1146165,1.6805446"
"-0.2149691,-0.04567064,1.3463461,0.40927157,0.05395233,1.5281196,1.0655582,0.54521453,0.9107119,0.6963361,1.0862046,0.4607178,0.98269665,1.3358911"
"-0.46670774,-0.23747699,1.2179956,0.39539754,0.38087398,1.3026456,0.6032702,0.2979005,0.48126945,0.6433157,1.3145314,0.9112849,0.8071785,1.3334534"
"-0.17394382,0.1320015,1.0408063,-0.07965591,0.23153365,1.3588992,0.37079853,0.17121142,1.052802,0.4265403,0.4925172,0.07145792,0.41554323,1.1448514"
"0.14958009,0.09509237,1.4624738,0.15131639,0.56310135,0.6752768,0.41988105,0.34616396,0.7959459,0.91537964,0.77088714,0.34354764,0.43394315,0.6413439"
"-0.09863642,0.008548765,0.8069294,0.2713691,0.84028,0.2984564,0.53166145,-0.04295853,0.6572693,0.0013966209,0.39424467,0.6542619,0.2841224,0.8483307"
"-0.38881552,0.24345262,1.2970487,0.03874383,0.56528646,0.6740309,-0.012175603,0.22592129,0.7237002,0.5750089,-0.23379914,0.29677036,0.5299684,1.1067753"
"-0.083137766,0.21980518,1.2566383,0.10209324,-0.00867853,0.75200164,0.21957195,0.27090743,0.6318946,0.6151133,0.43200472,0.37788865,0.23022068,0.92052305"
"0.053225704,0.23510244,1.1301472,0.23639625,0.14202055,0.861352,0.26423812,0.06939967,1.0281857,0.43748915,0.46449625,0.23350547,0.3261861,0.79705125"
"-0.7835552,-0.914246,1.7969371,0.76710385,0.48029333,0.94265294,0.7319278,0.41746968,0.7207444,0.4683636,1.1605244,1.5152336,1.1593208,0.8923631"
"-0.12910904,-0.40825173,1.1004442,0.49189916,0.60701215,0.5688961,0.5688765,0.19092306,0.619893,0.07625748,0.9949857,0.3639717,0.49365973,0.5045799"
"-0.19013909,-0.14855133,0.91167307,0.31197584,0.31726915,0.52077883,0.40818992,-0.07432116,0.6987876,0.23397775,0.48275682,0.12827848,0.49299517,0.64820117"
"-0.10032703,0.08674585,0.9360834,0.34331894,0.5699138,0.7534471,-0.06816751,0.024817301,0.81387657,0.123933956,0.2567903,0.60955966,0.47571316,1.2947892"
"0.010108551,0.109765485,0.8585593,0.27784282,0.3313172,0.705143,0.55332744,0.2506106,0.6561538,0.56054866,0.5567904,0.309422,-0.015973698,0.591113"
"-0.00034041144,-0.5723497,2.0471437,0.41309837,0.19373038,1.2942857,1.1994674,1.0105073,1.3353579,0.39813372,1.6213121,0.58605903,0.6566437,0.5461724"
"0.0013366938,-0.32068416,1.4162748,0.14360133,0.50757694,1.0259638,0.7985491,0.5604117,0.6029969,0.6476282,0.5579572,0.44710696,0.11305184,0.95917183"
"-0.43832213,-0.5255555,1.187791,0.17213772,0.41656753,0.5808361,0.45662344,0.6157524,0.739052,0.5012786,1.3252754,0.77903,0.5859734,0.9084457"
"-0.15389408,-0.0067229057,1.2065871,0.3168676,0.28254932,0.80164236,0.43067518,0.1498669,0.63760996,0.08552609,0.51425135,0.43152535,0.36176592,0.9231947"
"0.04487511,0.40829787,1.4532124,0.0135647,0.79863596,0.86908686,0.62506324,0.024357,1.2039802,0.5188337,0.65922976,0.88751477,0.52046233,1.6424575"
"0.016111689,0.2588191,0.91872835,0.32021105,0.22488114,0.6073654,0.7174247,0.42420322,0.9961046,0.31851724,0.45122516,0.18463166,0.44939807,0.77934515"
"0.008062301,0.41276547,1.3597859,0.15565813,0.21172431,1.3653232,0.41102663,-0.042878427,0.9973784,0.6945679,0.34611037,0.27216336,0.042092517,1.1078871"
"0.00877131,0.22532918,0.7766471,0.4527589,0.20867625,1.080701,0.8590281,-0.23268247,1.157437,0.45267415,1.0790102,0.5641817,0.63495356,1.465694"
"-0.02570751,0.33036408,1.3763666,0.07080198,0.8047853,0.5300704,0.43125954,-0.23683812,1.1488241,0.62183195,-0.0400516,0.4222763,0.10251754,1.4916706"
"-0.24319401,0.431704,1.0953913,-0.250122,0.46741158,1.1743429,0.05937977,-0.21899243,1.2418524,0.78221583,0.0053958446,-0.027623482,0.5602211,1.4708533"
"-0.22282374,0.31628826,1.1774257,0.3255483,0.47016308,1.0460033,0.5839621,-0.28799844,0.98303,0.4137675,0.7251914,0.59854734,0.40358338,1.4674731"
"-0.46530703,0.032482512,1.1301441,0.60711944,0.81649464,0.50114036,0.5234523,-0.15157738,0.55856955,0.19181436,0.65425175,0.91668993,0.74130017,1.1344731"
"-0.31627598,0.009724445,0.9241183,-0.07672784,0.5191975,0.9287229,-0.087321915,0.12349564,0.94325316,0.5972813,0.69485193,0.45618865,0.69676256,1.1065223"
"-0.30778858,0.10955149,0.778786,0.64220834,0.7969685,1.0603386,0.66057086,-0.4000961,1.1717241,0.5578111,0.9456917,0.92127883,0.5725348,1.5129508"
"-0.17636159,-0.16172026,1.0177459,0.05255582,0.22527787,0.9786165,0.36593187,0.43999276,0.432768,0.4098929,0.31980872,0.5462315,0.29577783,0.9108523"
"0.11905801,0.21799868,1.7948587,0.3093394,0.7701191,1.6214494,0.90042126,-0.12633157,0.9432656,0.5293606,0.34378532,0.43770775,0.1421068,1.33032"
"0.03008305,-0.058536172,1.2855712,0.08026393,0.72441244,1.0016875,0.2518485,-0.0685467,0.7058913,0.6864158,0.7991974,0.85911757,0.4964814,1.0842286"
"-0.38911855,-0.08258934,1.0438914,0.60216933,0.18540335,0.9703722,0.55902034,-0.19789316,0.66223717,0.4832176,0.7118819,0.646602,0.56176895,1.3329148"
"0.14467162,0.14859354,1.8865778,0.9700701,0.46779415,0.97385204,0.9735172,0.09096011,1.3580074,0.064975984,0.85687286,0.6364104,0.7043547,1.8116186"
"-0.6163766,-0.018501198,1.1342913,0.7347035,1.2111279,0.39652073,0.3639705,-0.614024,0.93971187,0.2537228,0.8781548,1.7961955,1.0571926,1.3510413"
"0.006976794,0.057594813,1.2999281,0.3282151,0.50528145,1.2146747,0.7774091,0.024720503,1.0390415,0.39938807,0.065165296,0.3965925,0.00050960016,1.0821658"
"-0.56939846,-0.16612798,1.702227,0.6168637,0.7211878,1.615249,0.84087133,0.15185712,0.7187207,0.84424126,1.5143923,1.4300168,1.053516,2.113581"
"-0.067810945,-0.07225531,1.0741642,0.10560735,0.27217907,1.0508755,0.18512875,0.26005614,0.9817186,0.28883767,0.716155,0.027010135,0.5482791,1.0519879"
"-0.3713501,0.10245346,1.3259465,0.3820227,1.1418425,0.5700062,0.49252614,-0.04839509,1.145232,0.21029279,0.7326224,0.8546767,0.80431134,1.3750263"
"-0.028739415,0.08780841,2.2517307,0.009247245,0.67651206,1.0596448,0.5456028,0.56314415,0.9304103,0.7485981,1.2598493,0.8802867,0.74478066,1.4740726"
"-0.6496921,-0.22513743,1.333755,0.6242239,0.97772884,0.85142255,0.48640916,-0.23525032,0.37228212,0.034048274,0.67067,1.5175645,0.73896176,1.0417297"
"0.038082797,-0.24949847,2.0597057,0.46956724,-0.17422011,1.3288009,0.9501,1.0178798,1.3926829,0.27602968,1.4307287,0.62153363,0.50555915,0.39210078"
"-0.65418124,-0.6209088,2.2353954,0.62830144,0.92841697,1.3716283,1.4065716,0.3865113,1.2904636,0.26836598,1.2793761,1.108624,1.1319468,1.2911943"
"-0.03814109,0.68011194,1.5233449,0.31096727,0.87770563,0.8828964,0.72599816,0.06425861,0.9282365,0.5689815,0.6224771,0.8040281,0.43592206,1.8957255"
"-0.27762574,-0.32005662,0.8352775,0.4021759,0.14417121,0.8979904,0.6536688,0.51633805,0.6464543,0.3848313,1.0408791,0.8899619,0.5149568,0.88858163"
"-0.4689337,-0.5474853,1.2105348,0.7066568,0.7351164,0.53226465,0.9260679,-0.02867031,0.90933347,0.21263017,1.2159714,1.4255285,0.94001997,1.0948247"
"-0.11471632,-0.4660358,0.8205014,0.6548864,0.30084538,0.83270544,0.80735207,-0.08487747,0.9230508,0.24358621,0.9152612,1.2610335,0.73953724,1.0303558"
"-0.47363627,-0.07035582,1.2825202,0.28237882,0.13182846,1.4870886,0.6386357,0.6189997,0.99929357,1.0416113,1.0593138,0.41578627,0.48383766,1.1012284"
"-0.3275177,0.19183758,0.75477344,0.50868213,0.11714621,1.0721182,0.6401654,-0.13823132,0.85647583,0.5030848,0.93141514,0.5297601,0.42030796,1.2773067"
"0.15301956,0.14447033,1.6348474,0.22499341,0.003728868,0.9603246,0.47238147,0.11935633,0.7360605,0.50485945,0.8421251,0.53978175,0.5355708,1.5406218"
"-0.43528917,0.14810632,1.3087492,0.38384694,0.67890763,0.91521466,0.6512359,0.50994575,0.7522366,0.3692178,0.97630215,0.70054406,0.7999897,1.2445239"
"-0.24029216,0.0067566186,0.95176643,0.6766538,0.16812947,0.92139304,0.83844924,-0.09711825,0.6253559,0.34158078,1.3536571,0.8954135,0.5868091,0.99278283"
"-0.08603452,-0.027616883,1.1299785,0.15439717,0.35669267,1.0125377,0.5663082,0.08883077,0.51900375,0.68210715,0.7402836,0.5957232,0.5907258,1.2598331"
"-0.014823747,0.3659789,1.4581611,0.122269206,0.9534754,1.2761004,0.33834633,-0.15528531,1.2022403,0.55552983,-0.07280007,0.63859344,0.3281668,1.7069807"
"-0.3581479,0.51369494,0.9261647,0.12033972,0.42892215,1.5568482,0.17495602,-0.055196036,1.0602447,0.33470526,0.41724664,0.5728226,0.61962247,1.8163519"
"-0.69730324,-0.5303772,1.4626222,0.72448844,0.78421724,0.80420446,0.6451396,-0.018400913,0.07670943,0.43332836,1.0119038,1.4950525,0.9749086,0.80889714"
"0.07811166,-0.368862,2.4024725,0.5896844,0.22737485,1.9484361,1.1368074,1.3159142,1.9366214,0.6684994,2.0033586,0.34791222,0.9170022,0.5148895"
"0.27633876,0.7129562,1.8456756,0.45436615,0.74967647,1.2011205,0.7753704,-0.18524519,1.413215,0.72975403,0.26101926,0.58941644,0.051577855,2.101487"
"-0.07081259,-0.21376352,1.1318502,0.34997335,0.47116026,1.4501611,0.6859186,0.021358797,0.8408175,0.5792197,0.76188725,0.6646079,0.40740493,0.95930624"
"-0.70480216,0.18835305,1.1304448,0.35094574,0.70925075,0.85517323,0.5846198,0.18335795,0.07829306,0.3783983,0.9137206,0.91166973,1.1852411,1.311012"
"-0.3287514,-0.37119707,1.6914881,1.0521687,0.92344075,0.94496644,1.2036393,0.04042364,0.82403606,-0.101225354,1.0615616,1.1822871,0.92573625,1.464522"
"-0.1271444,0.19218041,1.0909663,0.44232288,0.09758626,1.161804,1.189704,0.008192213,0.98761874,0.5840717,0.748115,0.78199726,0.8188747,1.5476745"
"-0.46665505,-0.025508443,1.0242393,0.253933,0.8301835,0.7130213,0.34554553,0.0787992,0.4714736,0.23092183,0.6159005,0.8813793,0.6882038,1.0880291"
"-0.43849984,0.14761674,1.172377,0.61118245,0.5566656,0.6615205,0.23611455,-0.26445332,0.3249256,0.15391345,0.5949557,1.3409033,0.8588611,1.059391"
"-0.1803151,0.21252242,1.234858,-0.09600328,0.3538011,0.7534047,0.37471887,0.13136022,0.6079685,0.5574878,0.5774207,0.27831948,0.24706294,0.87806493"
"-0.03321425,0.23464502,1.2408463,0.14237963,0.5349186,0.67309844,0.8507765,0.26293454,0.55854255,0.6711497,0.7462651,0.38762242,0.4874867,1.1406591"
"-0.07688283,0.47034812,1.3134495,0.095870785,0.41260967,1.0655633,0.5374549,0.3317219,0.90585136,0.38708195,0.79566056,0.3465099,0.32026896,1.4757564"
"-0.6763975,0.25768355,1.822211,0.09755665,1.1448483,1.297092,1.3346021,0.29345667,0.79791397,0.6741192,1.0216962,1.0248895,1.4972721,1.7975968"
"-0.22148407,0.13017479,0.6085656,0.20177115,0.31195438,0.3392396,0.32404602,0.17878649,0.35481638,0.15581335,0.22713172,0.21425939,0.16967222,0.581413"
"-0.14863047,-0.46228647,1.6048151,0.106270395,0.51496875,0.7852882,0.3829216,0.8694609,0.8815369,0.54073066,1.3387054,0.5804559,0.79932094,0.78353477"
"-0.43912205,0.42605835,0.8886798,0.49822438,0.4501928,1.2615836,0.4641447,-0.4513947,1.264466,0.11406427,0.8158165,0.6308969,0.4399078,1.6784563"
"-0.48289162,-0.5015828,1.4152951,0.6810967,0.1076537,0.68855476,0.54854494,0.7081324,0.7860891,0.08777698,1.0746262,0.68307334,0.4853228,0.7791633"
"0.2868881,-0.12063033,2.0350716,0.46959016,0.46060455,1.6375275,1.0037404,0.7849185,1.411391,0.739128,1.183085,0.26305693,0.4198734,0.9128693"
"-0.53352576,0.03325394,0.9094104,0.50497895,0.6017439,0.69828564,0.74166566,-0.028113948,0.68843675,0.08738496,0.792264,0.9417845,0.6510706,1.3706528"
"0.22652657,-0.17833608,1.8617254,0.30918145,0.511916,1.0910403,0.89183456,0.18156306,1.5660274,0.41973135,0.64570504,0.13083692,0.23239593,0.96092796"
"-0.41049606,-0.16066824,1.2280118,0.632412,0.20777056,0.83249545,0.7886312,0.084589764,0.8673018,0.37970975,1.1007986,0.2193717,0.616064,1.0718073"
"-0.5066043,0.051369935,1.7045889,0.40689972,0.5614644,0.7783112,1.037632,-0.2670674,0.9205646,0.6588111,0.97997177,0.56081235,0.37016562,1.5104182"
"0.067329824,-0.044341,0.93966985,0.14255302,0.3116556,0.55772406,0.46304622,-0.009551549,0.63580346,0.3808691,0.38243967,0.4228591,0.25484604,0.893786"
"-0.14025435,0.014910141,0.909263,0.02674157,0.34124207,1.0869607,0.11551868,0.020137882,0.6178644,0.47676173,0.21940249,0.30243397,0.52510184,0.7307997"
"-0.7342546,-0.09412223,1.3972386,0.28634694,0.5284419,0.9786792,0.5716212,0.5512976,0.8409183,0.077224255,0.8504147,0.52326673,0.7151097,1.242526"
"-0.38641113,0.26896408,1.29346,0.5018647,0.15291649,0.6700806,0.4471887,0.13143472,0.72440946,0.26961067,0.9802139,0.6135371,0.57772756,0.7868461"
"0.05721351,-0.0044754753,0.73065484,0.2318362,0.1773789,0.6415087,0.59258866,-0.03387143,0.57123363,0.47139403,0.7399924,0.40899107,0.29345748,0.93630236"
"-0.5270515,-0.013017549,1.0920259,0.83161134,0.769567,0.828832,0.5141104,-0.35798526,0.763381,0.053433064,0.68854684,1.2430793,0.60751134,1.4097666"
"0.0012962427,0.26842746,0.9103331,0.45128566,0.049694937,0.6291198,0.8811448,-0.17501843,0.7379688,0.46783006,0.5339561,0.5560278,0.48051146,1.2032262"
"-0.06753921,-0.1786702,2.0679016,0.8082444,0.6467045,0.5291155,0.7101383,0.37154374,0.8666603,0.32919693,1.4638137,0.937309,1.2194375,1.3360862"
"-0.25968832,-0.07901767,1.0903641,0.6092279,0.12092184,1.0686965,1.1507412,-0.2530854,0.646847,0.42939052,1.1347847,0.9259168,0.53254724,1.3334149"
"-0.29615784,-0.3006102,1.4078827,0.65847725,0.6450226,0.95794857,0.84470737,0.21908307,0.4909546,0.23701559,1.1697899,0.51466906,0.71906126,0.8851672"
"-0.09732766,0.019526768,1.0728198,0.3584028,0.2074267,0.7431036,0.9480162,-0.005292355,0.7103402,0.30471656,0.9583793,0.662193,0.5915263,1.3132112"
"-0.538549,-0.03975088,1.4604849,0.66312355,0.48214918,1.3248739,0.2638244,-0.050861996,0.5404146,0.40824148,1.1140084,1.1514547,1.1168945,1.3368205"
"-0.5444005,-0.22107176,1.4019622,0.92472774,0.3078384,1.0556225,1.079163,0.32107615,0.5830027,0.61462563,1.213603,0.71654654,0.75881326,1.2311972"
"-0.21388847,0.39115483,1.9837725,0.3028446,0.27971727,1.2671216,0.7873887,0.014173662,1.1388222,0.6373876,1.4297837,0.45653486,0.3727609,1.2749953"
"-0.059622224,-0.31192628,1.7717949,0.4878234,0.8321608,1.3755046,0.9389705,-0.065175936,1.0031533,0.7200628,0.8065109,1.6002768,0.63258106,1.6523045"
"0.038040616,0.05166617,1.3884801,0.21070713,0.83775616,0.61895645,0.49984035,0.26234052,1.1499074,0.27847627,0.18599881,0.5750901,0.38767985,1.497056"
"0.06632824,0.15649156,1.0564609,0.07769336,0.29034317,0.7696487,0.37369683,0.017957937,1.0312053,0.6113741,0.24246335,0.22311752,0.1766605,1.0752103"
"-0.13497117,0.042512275,1.8059429,0.52726805,0.23190945,1.0391016,0.8520647,0.13733904,1.1907418,0.89254045,1.0671709,0.3696412,0.4454715,0.8001254"
"-0.029886357,-0.15758675,1.071068,0.3005301,-0.06091363,0.5178971,0.8299847,0.12200041,0.55498016,0.25037614,0.6663655,0.73060507,0.28153008,0.7922098"
"-0.44070703,-0.5403013,1.4325843,0.4594311,1.4199355,1.0326277,0.3943403,-0.48402524,1.4246527,0.12525786,0.8651594,1.0209264,0.7564914,1.4581765"
"-0.06581086,-0.31285515,1.0544957,0.11041159,0.0813756,0.85644513,0.37055868,0.4971655,0.55546665,0.543139,0.91014564,0.71959937,0.44033182,0.80173177"
"-0.3122287,-0.058369197,1.8633684,0.26701578,0.24627647,1.3983629,0.6264999,0.844163,1.4827875,1.2424237,1.1379576,-0.000604799,0.99665934,0.6582698"
"0.13051751,-0.1647191,1.8253347,0.7388451,0.90947175,0.68628967,1.4016451,-0.11125692,1.182557,-0.02310522,0.83051205,0.92559993,0.5664034,1.2525921"
"0.15262836,0.014413396,1.6093967,0.27555645,0.3456748,1.0429959,0.884257,0.72652924,0.91686505,0.69779646,0.90522003,0.33418736,0.36372885,0.7438731"
"-0.6000903,0.008113662,0.7534464,0.469961,0.19708377,0.82262963,0.48285767,-0.029213814,0.53385913,0.29636455,0.7740683,0.89304215,0.9204268,1.4851224"
"-0.35298115,0.3082306,1.0572649,0.12730716,0.48863518,0.88797367,0.31109422,0.17709722,0.96066105,0.62241036,0.3515569,0.31689078,0.41069666,0.83105624"
"-0.25343964,-0.10234502,1.3253691,0.23347518,-0.09314498,0.8194221,0.32950595,0.597287,0.73461694,0.3010332,0.52372885,0.23775475,0.2901104,0.7205761"
"-0.18236174,-0.2677439,1.935784,0.40136337,0.10540782,1.1646622,0.9413135,0.5346935,1.3933167,0.46163383,1.3275309,0.43919498,0.519357,1.1229892"
"-0.5123588,-0.2743663,1.381404,0.2634251,0.84737504,0.8783618,0.5653688,0.32211727,1.0117971,0.5961663,0.5738941,0.738027,0.50999683,1.4090005"
"-0.07572643,0.30865,1.5634322,0.15754266,0.3468036,0.93557286,0.290845,0.09056924,0.7213787,0.2741678,0.360277,0.3101118,0.6176058,1.3085403"
"-0.5163537,-0.010757772,1.3998767,0.4942865,0.39906147,0.7292821,1.110758,-0.1698678,0.8164805,0.10629281,0.64149016,0.47545043,0.49006644,1.2477418"
"-0.48799938,-0.33000934,1.103253,0.10934214,0.99856156,0.70185626,0.28896242,0.1387786,0.6603626,0.8127167,0.7042546,0.8590691,0.6119511,0.78453475"
"-0.07424665,0.09366927,1.59106,0.3789026,0.17872497,1.1929383,0.9595867,0.2518569,0.83903545,0.6182574,1.0941473,0.20397514,0.1152646,0.5465077"
"-0.24905452,-0.21751377,2.027035,0.041072324,0.5045421,1.3306828,0.8625093,0.75599974,0.83311445,1.0621861,1.5183237,1.2477224,0.6512223,1.1897471"
"-0.12897132,-0.23215425,1.1686099,0.41241333,0.12083105,0.8618416,0.26601246,-0.008950517,1.0826722,0.21248269,0.72103363,0.097810686,0.7355018,0.91004914"
"-0.42094234,-0.19420414,1.781602,0.4294389,1.3574848,0.8169495,0.5104522,-0.13720016,0.5109765,0.529243,0.3323136,1.4491125,0.6032846,1.2422105"
"-0.07531141,0.029231181,1.4828421,0.63472414,0.16082472,0.8310951,0.7786756,0.33412024,1.0772208,0.68123746,0.99058783,0.28780982,0.6412506,0.711421"
"-0.2573785,0.027568469,0.9383602,0.317992,0.44160753,0.463229,0.4751519,0.0898074,0.30608153,0.16752812,0.27114823,0.75434107,0.5513023,0.81843555"
"-0.15260656,0.7438484,1.2610579,-0.0075769224,0.5295058,0.782142,0.66069716,-0.19850813,1.4171768,1.2988883,0.072326906,0.2767721,0.42122144,1.412654"
"-0.27314246,-0.38986093,1.024167,0.62226284,0.5895182,0.7540124,0.48455524,0.2735452,0.90016794,0.15462941,0.6838086,0.6780572,0.6222745,0.69535154"
"-0.59719396,-0.49468365,1.5705682,0.78822076,0.92380345,0.4823073,0.8832006,0.080676496,0.34132448,0.21099815,0.79746497,1.423385,0.9632134,0.88792974"
"-0.06807024,0.15558626,1.9645468,0.36016232,0.49456623,0.54757273,0.85737085,0.32413283,1.4251498,0.7202651,0.021659102,0.2348346,0.16057721,1.2360716"
"-0.5877271,0.10566991,1.8301829,0.23149042,0.33242232,0.8002918,0.8046516,0.2923552,0.70196563,0.6492016,0.6621901,0.6510078,0.8121618,1.0255102"
"-0.2771064,-0.4155265,1.1229795,0.3942662,0.48570973,0.97310024,0.5364308,0.28598124,0.48962718,0.43249702,0.6451834,0.64177674,0.19944829,1.0717931"
"-0.4900697,-0.14954536,1.4511559,0.88713187,0.78429115,0.9143822,0.92022955,0.034563325,0.23716678,0.20865807,0.82825404,0.72202766,0.8746603,1.2901362"
"0.14392415,0.49523994,1.429636,0.46526307,0.37678587,1.5625045,0.74050033,-0.51220715,1.1429727,1.1720523,0.77465063,0.7182091,0.06540706,1.9469776"
"-0.20852493,-0.104752935,1.41157,0.21792337,0.5385124,0.5054191,0.41313654,0.31145594,0.35653758,0.28491357,0.868486,0.67085546,0.74833965,0.81105983"
"-0.5985521,0.3581433,2.126089,0.40675738,0.5577376,1.3468108,0.76085305,0.3084007,1.1053334,0.54304063,1.1415538,0.60485876,0.546114,1.538476"
"-0.59623,0.122764595,1.3052177,0.96280456,-0.076660305,1.2308073,1.1569782,-0.079348326,1.037588,0.26672348,1.043029,0.6578567,0.6888544,1.4679946"
"-0.27748322,0.042174663,1.1034538,0.22510338,0.19930255,0.72298634,0.26342246,0.28584668,0.47013536,0.41087186,0.40774277,0.6424155,0.60247636,0.8598335"
"-0.033774473,-0.48942173,1.3569815,0.35534495,0.6873666,0.8846075,0.44522834,0.3183298,0.8565043,0.41461822,0.9940611,0.8704413,0.61539507,0.42841107"
"-0.10956809,0.010100675,0.8647047,0.3961609,-0.0054338044,0.7540351,0.17963387,0.24116378,0.89461386,0.37324464,0.5339468,0.086589485,0.47586882,0.72557855"
"-0.25425726,-0.47129738,1.1326169,0.45069313,0.7288425,0.6370506,0.34803173,0.10334142,0.4444881,0.19417958,0.66881,0.956836,0.5284699,0.6047973"
"-0.09945936,0.4845084,1.0879654,0.22196808,0.46859416,1.4462451,0.52176744,-0.12372249,1.1631203,0.6665426,0.10427393,0.37259522,0.23284727,1.2514398"
"0.031424455,0.31673694,0.7311049,0.13563994,0.37922332,0.5039838,0.26755154,-0.076340035,0.7241005,0.26334956,0.10906124,0.2394364,-0.034764715,0.9052923"
"0.0012626555,-0.13365558,1.4244225,0.31070253,-0.038535394,1.2671449,0.7757871,0.44071275,0.7802344,0.5306552,1.1459967,0.6623928,0.17858219,0.86848986"
"-0.46997872,-0.093060456,1.450499,0.51148635,0.9375798,0.7261749,0.504947,0.24429068,0.70199484,0.33936322,0.7833084,1.083216,0.925782,1.1971079"
"-0.2618729,0.30387887,1.1942995,0.30305314,0.28366852,0.95662403,0.27599952,-0.069488555,0.4965707,0.17016315,0.29501358,0.537062,0.28045976,0.92554975"
"-0.3619375,-0.21153072,1.0791717,0.76076996,0.27629563,1.018424,0.8207931,0.040902823,0.65931237,0.6363893,1.5489533,0.57702106,0.62037575,1.4633902"
"-0.13418283,-0.07484856,1.459486,0.40828523,0.4131905,0.61560667,0.78779423,0.30124074,0.9131614,0.34944117,0.90183055,0.012512399,0.25676993,0.75277853"
"0.20709562,-0.32769147,1.087066,0.2546722,0.3501452,1.4317433,0.5074019,-0.0033016498,0.9874676,0.8221543,1.0182906,1.0432993,0.54356384,1.8578578"
"-0.20303102,-0.027406022,1.5605352,0.5561687,0.28603482,1.2047663,0.89185655,0.034108885,0.97517675,0.16206698,1.1141268,0.47498715,0.5803831,1.1706448"
"0.1128081,0.22761405,2.203963,0.3229667,0.2878643,1.2756511,0.8303403,0.30681315,1.835764,0.84395117,1.1507925,0.023729706,0.32124314,0.99914664"
"0.042922918,-0.046578012,0.9371885,0.21578762,0.28387493,0.5661388,0.5640055,0.05947898,0.7253059,0.28449893,0.3541224,0.19943573,0.28775567,0.588036"
"0.01728079,0.011942651,0.87575674,0.5156009,-0.0025722664,0.6131934,0.5542026,0.118980885,0.81875825,0.4294543,0.72978956,0.90455085,0.478781,1.0404264"
"-0.74204326,0.2392193,2.3810656,0.82180727,0.9027947,0.65718806,0.80241245,0.6933736,1.3321544,0.4852685,0.83573407,1.2497027,0.9031558,1.1781397"
"0.014196089,0.2043461,1.9404635,-0.009693567,0.35127738,1.0600406,0.7258193,0.47881952,1.3330945,1.1428353,0.8027251,0.17436518,0.59445953,1.0654219"
"-0.3385287,-0.52449363,1.1407188,0.85083884,0.4552156,0.82698864,0.69080395,0.10293619,0.65353227,0.4751009,1.3045765,1.2114531,0.85611993,0.97669727"
"-0.09829304,0.3865624,1.2904711,0.2014464,1.0991136,0.9013906,1.0090642,0.049631257,0.9582696,0.81081986,0.5601097,0.60758585,0.49753955,1.4632652"
"0.019278366,-0.2476168,0.9508133,0.3261251,-0.2544547,0.69719756,0.9010333,0.1307042,0.6054917,0.4065202,0.91567254,0.72724277,0.30942056,1.0078994"
"-0.40047294,-0.08456835,0.8228899,0.34407282,0.42833555,0.5238732,0.34063625,0.14217682,0.30101436,0.4346519,0.8995028,0.718186,0.7029678,0.78637594"
"-0.2810668,0.13030356,1.3031212,0.4431952,0.39206547,1.0420047,0.76567423,-0.0042909784,1.4067285,0.61259663,0.9986496,0.5957924,0.66041696,1.3558465"
"-0.20495042,-0.2156509,1.2349595,0.19595616,0.312458,0.66977376,0.24163975,0.44654086,0.6234875,0.3632601,0.2976081,0.45032105,0.20666225,0.8526029"
"-0.35252795,-0.12509069,1.1497843,0.23455004,0.6219345,0.76924443,0.5949177,-0.092990674,0.50174844,0.30872634,1.0061986,0.7869406,0.43174666,0.93727255"
"-0.18620688,-0.19300014,2.1495776,0.6471405,-0.09662173,1.248021,1.3249081,0.4245268,1.0483888,0.20545521,1.5557815,0.523082,0.48717567,0.9104087"
"-0.1876273,0.31096074,1.0355961,0.35282773,0.18005288,0.8574295,0.38045028,-0.042798527,0.90845263,0.36553684,0.4386686,0.38741753,0.34537247,1.1954575"
"0.113869086,-0.00012619025,0.670885,0.5101908,0.18093729,0.8961601,0.5281597,-0.326559,0.7908206,0.19521141,0.4348925,0.9974255,0.7048757,1.0411876"
"-0.36390936,0.028570618,1.5575323,0.43154603,0.48148927,1.0762533,0.17932874,0.7350142,0.87955046,0.25442228,0.038192067,0.79057735,0.5376841,1.5370297"
"-0.0010330658,-0.49462548,1.4512672,0.45932978,0.37588987,0.8337851,0.47010723,0.51589704,0.8670869,0.859491,1.2881017,1.3027968,0.5818193,0.9599765"
"0.14233114,0.21830948,0.5612883,0.10417035,0.26638508,0.53209656,0.07236017,-0.15100051,0.8854608,0.3984357,0.4568508,0.16274828,0.30671704,0.8723575"
"-0.068928905,-0.35977975,1.6638854,0.15881054,0.41107333,0.9941293,0.6768148,0.42091438,0.75526106,0.6426401,1.3302983,0.630531,0.5825003,0.77968556"
"-0.020949978,0.07963164,1.3723714,0.32949516,1.0766824,0.50577486,0.4258101,0.07904546,0.7343673,0.47043455,-0.041586254,0.54968715,0.21442066,1.0724379"
"0.07967482,-0.15430667,1.4329185,-0.042239476,0.5526648,0.87425977,0.6384325,0.50393254,0.8248115,0.35766807,0.7095944,0.26890308,0.16360171,0.9972519"
"-0.39568353,-0.1594586,1.1672697,0.5031675,0.22541615,0.6175662,0.5155195,0.47986588,0.5907774,0.043460242,0.64763147,0.34355876,0.41258863,0.69321346"
"-0.11777489,0.099386945,1.6155889,0.29382148,0.67891866,0.79765815,0.66461676,0.5046959,0.91163224,0.06225749,0.81316584,0.66318434,0.5900542,1.5477265"
"-0.5892352,0.18966743,1.0748737,0.70092964,0.7560478,0.7371259,0.1790927,-0.4744934,0.63401926,0.09895105,0.7476491,1.5713485,0.857973,1.2282947"
"-0.22432055,0.04579943,1.4332486,0.91611844,0.30937725,1.0636812,1.334299,-0.0038419224,0.6653435,0.3275436,1.4646262,0.83386654,0.74298483,1.1237669"
"-0.24633312,-0.6452528,1.5991638,0.69441295,0.18490332,1.6787027,0.9066904,0.83068293,0.99226314,0.7832234,1.8609433,0.71116096,0.8064725,0.88917464"
"-0.22948927,0.3624805,1.2889612,0.2910013,0.40944546,1.0187252,0.6747518,0.02207461,0.5897367,0.689131,0.46141842,0.68133086,0.7312522,1.4133999"
"-0.5759096,-0.23570335,1.2237871,0.4361051,0.49360898,0.54128146,0.5158746,0.25004536,0.627549,0.5844609,0.6773585,0.8241798,0.6911362,0.7126315"
"-0.060667556,-0.16261391,0.68770057,0.532876,0.35254967,1.0124632,0.835,-0.13093826,0.73063916,0.2284409,0.7891602,0.77385306,0.42550105,1.1710135"
"-0.28157258,0.015062486,1.9844447,0.54511285,0.6749278,1.064812,0.86652637,0.104351245,0.83411187,0.37798795,0.7864488,0.836144,0.91869503,1.534614"
"-0.30919084,-0.07496642,0.94604665,0.6530488,0.8738922,0.4412687,0.68212634,0.036722343,0.731408,0.08577757,0.76010376,0.7253366,0.6925863,0.79533297"
"-0.33013248,-0.19524233,0.81710696,0.37986225,0.39996037,0.6038678,0.6875531,0.15607329,0.5368718,0.42557448,0.95180696,1.0669708,0.6067022,0.8831448"
"-0.2051838,-0.11200338,1.0182304,0.3766378,0.030123735,0.6949946,0.765505,-0.0019546857,0.7232841,0.045495022,0.50248116,0.72338843,0.41647863,0.8740563"
"-0.23932204,-0.20901985,1.902528,0.48451334,-0.21819445,1.1325063,0.8221486,0.20676784,1.5921335,0.7210319,0.9750986,0.4950991,0.73957735,1.0146393"
"-0.5923654,0.23414074,1.8594979,0.5561109,0.83030033,0.7756291,0.50456274,0.46868047,0.7857456,0.27394503,0.5727286,1.4994543,1.0364861,1.397297"
"-0.17506357,-0.2562638,1.3922238,0.6932761,-0.17945927,1.25856,0.96864814,0.15871848,0.8007704,0.42107546,1.8004602,0.77347326,0.6686978,1.1524333"
"-0.0129968235,-0.017035054,1.1096778,0.5505711,-0.031855695,0.8655517,0.75612247,0.14582044,0.55929375,0.25958842,0.88172925,1.003214,0.47068778,1.2946495"
"-0.29865468,0.2929646,1.0904675,0.18005657,0.22810006,1.2076548,0.9838669,0.19240862,1.3549594,0.60070735,0.38776165,0.3528953,0.7628153,1.2869699"
"-0.07724323,-0.22055244,1.3376969,0.41967154,0.48190653,1.0352119,0.9458405,0.10649613,0.7257011,0.35491937,0.3592388,0.8903512,0.57933956,1.4556216"
"-0.2363776,-0.124044694,1.0350156,0.40918547,0.46215734,0.69933176,0.4843515,0.07692282,0.6318764,0.23550242,0.45636663,0.39448068,0.38003254,0.8469359"
"-0.35905862,-0.27164266,1.4845299,0.7757795,0.3388196,0.91930133,1.2264377,0.048728433,0.6253557,0.2526061,0.85510504,1.0295666,0.7791153,1.3979762"
"0.18755452,-0.21635944,1.3362939,0.68987846,0.46617875,0.54103935,1.2404718,-0.020690873,1.0583509,0.020960419,0.48753357,0.9094695,0.2915321,1.042849"
"-0.07950321,0.12659873,1.0203952,0.30572596,0.3573227,0.28544113,0.36062396,0.051421903,0.8473398,0.4329923,0.23797889,0.29441437,0.38236678,0.75680554"
"-0.35454157,-0.25150162,1.6501539,0.6970445,0.5265598,0.8474999,1.1460594,0.7613176,0.7813894,0.27108487,1.0399314,0.782032,0.8740819,1.0760235"
"-0.5381555,-0.00404818,1.4627739,0.39598736,0.6172296,1.2473491,0.78147167,0.6569083,0.19879241,0.47332287,0.9162242,0.82952654,1.139059,1.218279"
"-0.1279805,0.46771905,1.1886922,0.13345005,1.036564,0.86615473,0.5150839,-0.23616813,1.2051895,0.43232188,0.17919527,0.76906425,0.477648,1.7938161"
"-0.545486,0.561108,2.1508374,0.4723898,1.2095323,1.2828687,0.44809097,-0.049396608,0.7254551,0.70158774,0.29110754,1.2209436,0.7182422,1.9257491"
"-0.4333036,0.13907315,1.3919582,0.4144009,0.48849675,0.8680115,0.2917144,-0.20136432,0.95048416,0.49958074,0.48676753,0.5798886,0.5396978,1.1743978"
"-0.3557162,-0.013007368,1.0770909,0.42953745,0.57654387,0.7993036,0.45881766,-0.007922223,0.57100564,0.08052544,0.37307325,0.567567,0.5203275,1.1835312"
"-0.18657647,-0.24911635,1.3484571,0.5708863,0.55541855,0.75474656,0.9022185,-0.0017677357,0.9457533,0.062558025,0.72646147,0.7222676,0.8527561,1.2885503"
"-0.41581094,-0.1290022,0.7707121,0.23390806,0.20902795,0.624125,0.39422446,0.31121007,0.35220093,0.26842195,0.7229874,0.67296404,0.55260575,0.7770792"
"-0.4912582,0.04526851,1.2811123,0.8512493,0.98574185,0.5688132,0.42122957,-0.18511894,0.92950165,0.10316898,0.67670065,1.4130985,0.7670183,1.4278191"
"-0.29306376,0.21826833,1.2327337,0.40987766,0.44772917,0.7314744,0.897492,0.18459661,1.4114168,0.7271297,0.75627524,0.43140355,0.81764567,1.1199262"
"-0.4117203,-1.234034,1.6898588,0.96215516,0.17388117,1.3696939,1.5572641,0.50854707,1.4260433,0.60439235,1.8443353,1.5257652,0.84111667,1.382876"
"-0.305205,-0.5296278,1.00602,0.62661594,0.7229166,0.9595779,0.4456772,-0.1583885,0.42864668,0.48383772,0.97848094,1.469654,0.76099706,0.92540973"
"-0.5201238,-0.07263872,1.2212058,0.5274549,0.5422679,0.9117713,0.64768815,0.122037694,0.38928092,0.10497882,0.4963812,0.5447653,0.57134557,1.1115386"
"-0.18831035,0.23100081,1.1149892,0.106088154,0.7577051,0.80126536,0.18570657,0.21661086,0.758036,0.53679556,-0.042515855,0.14608398,0.16921267,1.0625355"
"-0.11640051,-0.10134311,1.8075856,0.04512797,0.43826368,1.8491251,0.6178295,0.40576875,1.0455792,0.7723774,0.9712951,0.35846552,0.4985987,1.1542767"
"-0.24732837,-0.08363392,1.4708087,0.2998512,0.82202655,0.5656637,0.71212703,0.46492192,0.61732405,0.4725793,0.6227678,1.0355095,0.7209915,1.0706006"
"-0.512874,-0.58862895,1.8381253,0.5423643,0.22021863,1.0978594,0.95506096,0.40942043,1.1080744,0.26346293,0.8549039,1.0205978,0.8615608,1.3832495"
"-0.047895905,-0.25406316,1.8349545,0.28134954,0.4607266,1.1338851,0.60508716,0.7647295,1.0642785,0.7206074,1.1383642,0.3455706,0.60051155,0.81113505"
"-0.11001698,-0.40979588,1.7496933,0.7375562,0.7494265,0.8504436,0.96575874,0.15680622,0.60347235,0.78713727,1.5143819,1.2253325,0.5651759,1.2408514"
"-0.035648555,0.1681987,0.81713444,0.12708212,0.3982592,0.5704597,0.41686505,-0.11549231,0.98605883,0.37461525,0.10090761,0.5209125,0.38863185,0.9712475"
"-0.33501646,-0.2596254,1.3395039,0.26551086,0.7368388,0.6947673,0.5033404,0.45068154,0.49804756,0.38703978,0.5861531,0.43655455,0.37265146,0.7487343"
"-0.1403104,-0.38641307,1.5223187,0.27065012,0.8823055,0.35369006,0.7909385,0.33621973,0.37241432,0.19855125,0.8126489,0.5668524,0.79968065,1.0209254"
"-0.6221079,0.089437924,2.532144,-0.14248027,0.14636767,1.9899132,0.5950159,1.1327267,0.7844854,1.2007552,0.9647165,0.7803468,0.76373583,1.4955251"
"-0.51194245,-0.23302093,1.352879,-0.089925826,0.48204008,1.1075865,0.31177273,0.5430815,0.5593054,0.8996838,1.0136904,0.6258249,0.6618111,0.8584714"
"-0.07869449,0.8053543,1.939894,0.4645049,0.4812199,1.4797691,1.1432283,0.30713972,1.4927347,0.45295396,0.52886873,0.5331238,0.66238135,2.3641605"
"-0.3916514,0.37699774,0.6458807,0.4540782,0.25161737,0.83086777,0.22525227,-0.13486935,0.96563995,0.17359331,0.6107376,0.38033402,0.26232997,1.2629135"
"-0.24874243,0.21658717,1.5455228,0.4496915,0.65378237,0.41325006,0.48677906,0.4982744,0.8596063,0.38574535,0.09103885,0.92238134,0.5879199,0.97614336"
"-0.36978748,-0.14342321,1.4138782,0.51178765,1.0832195,0.7208154,0.7393412,-0.14512086,1.0265853,-0.05087148,0.7131645,1.1109214,0.5107534,1.5972458"
"-0.21252534,0.12500721,0.7180006,0.1353685,0.30607656,0.663004,0.26063818,0.07001972,0.9291213,0.2826078,0.7960167,0.5575917,0.40167487,0.9919714"
"-0.16994278,0.29350075,1.6784629,0.3889556,0.39523125,0.99597394,0.7467213,0.134799,0.22667648,0.5347747,1.1985979,0.723003,0.71518195,1.260357"
"0.02828655,-0.005001099,1.2655175,0.368163,0.11012793,0.8481414,0.6476461,-0.07149433,1.1915997,0.38952106,0.76332235,0.12530299,0.564419,0.7886828"
"-0.2699222,0.18298918,1.1320788,0.24111111,0.59679466,1.3859906,0.054036304,-0.30173072,1.435966,0.5580089,0.08307518,0.9711532,0.651629,1.4381151"
"-0.24442008,-0.11394791,1.4230686,0.36060452,-0.050508495,0.6077071,0.8737073,0.22914268,1.0467556,0.080491245,0.6443434,0.56946546,0.40321377,0.82862306"
"-0.5199967,-0.3002342,2.8015118,0.52648216,0.21057978,1.3538573,1.2364655,0.72450894,0.94108623,0.33037314,1.6983798,0.6887352,0.8297838,1.3259789"
"-0.21288525,0.44821563,0.9350151,0.45302826,0.31609342,0.79701924,0.50457275,0.12570645,0.64649147,0.2972626,0.6550625,0.6105361,0.21265453,1.1758368"
"-0.52934545,-0.088109806,0.99710524,-0.02607919,0.40909466,0.71779406,0.39227754,0.19562332,0.6684975,0.52258265,0.44777966,0.21115325,0.65998346,0.7013832"
"-0.50764745,0.49377388,1.6346148,0.39139,1.1427578,0.754332,0.8909127,-0.24345033,0.31516013,0.5612554,0.7566565,1.278459,0.84411633,1.8956648"
"-0.51184386,0.39763653,1.4195275,-0.19953366,0.944161,0.8729543,0.36888698,-0.26444092,1.0429962,1.1563884,-0.14780831,0.23297699,0.47083944,1.4723161"
"-0.19625597,0.4660774,1.4106021,0.62200814,0.8571369,1.3709474,0.80842394,-0.12978911,1.1085405,0.66849226,0.363608,0.5679895,0.07717702,1.780859"
"-0.22788616,0.36065012,1.7192127,0.4074995,0.20226708,1.1195546,1.2691994,0.5348746,1.354937,0.4945242,0.6755627,0.48252264,0.6037004,1.2010418"
"-0.12571485,-0.4040291,1.4568663,0.51878506,0.41722903,0.56799036,0.819713,0.46893454,0.5751319,0.08975448,1.0087068,0.50525564,0.6531527,0.9081799"
"-0.25636667,0.35227418,0.82104486,0.26717913,0.4069728,1.1419486,0.3746172,-0.30466256,0.63162756,0.3769396,0.58530504,0.5033468,0.46087912,1.5095472"
"-0.23166272,-0.9874709,0.96489716,0.49780166,0.14115828,0.4771268,1.0838677,0.30395114,0.72552997,0.53145736,1.4512739,1.7153583,0.7558416,1.1464444"
"-0.04701892,-0.0072193677,1.9617279,0.6151688,1.0037326,0.9745305,0.7022848,0.3941129,0.87938184,0.5199348,0.5307406,1.6565516,0.601977,1.3595684"
"-0.42433077,0.069589466,0.81935024,0.048746668,0.16604626,0.95221364,0.2582421,0.26551703,0.62660253,0.4298774,0.53849375,0.070474714,0.7278236,0.9074188"
"0.2132554,0.25214782,1.0854055,0.20866852,0.41164044,0.6550288,0.25145552,-0.10824688,0.8597913,0.41193065,0.2523257,0.31617376,0.21877334,1.2726574"
"-0.18083182,-0.15612839,0.6802135,0.36813658,0.5703269,0.45923027,0.48126516,-0.3006854,0.7902733,0.40182522,0.62015116,0.68514705,0.32808438,0.76103926"
"-0.28655505,-0.22898184,1.5294479,0.24567787,0.61951137,0.90757036,0.5187956,0.33238903,0.53726214,0.64338654,0.5205612,0.8454651,0.34895894,0.6951394"
"-0.16147265,0.08740767,1.8102505,-0.15021181,0.814721,1.0624917,0.60927916,0.48376197,0.7959024,1.2065694,1.1199081,0.46017626,0.52432996,0.9149054"
"-0.4856096,0.1703438,0.83735955,0.66401124,0.35844904,0.6917169,0.31982636,-0.1626415,0.46146992,0.24757144,0.58145577,0.525127,0.35033414,1.0167345"
"-0.3778101,-0.35478166,1.7516211,0.64643395,0.23879248,1.4588205,0.9765195,0.58782274,0.74242264,0.43497843,1.4744956,1.1060272,0.82478064,1.2320477"
"0.015190312,-0.4574444,1.4311914,0.45184904,0.20313805,1.4137318,0.74381334,0.5521879,0.92989504,0.7662122,1.4166229,0.9173391,0.5083557,0.89540225"
"-0.2866829,-0.05530754,1.6915942,0.23771498,0.8058799,0.8763385,0.92106646,-0.2209751,1.6951063,-0.055756874,1.127557,0.69816166,0.55891407,1.7020156"
"-0.33478922,-0.0967057,1.5835669,0.3831404,0.14919615,1.3258971,0.9067025,0.17432511,0.7006373,0.8377947,1.5704036,0.63622254,0.57474333,1.3806909"
"-0.23618448,0.11161635,0.8300171,0.5608896,0.685362,0.6030774,0.8795355,-0.58320385,1.200619,0.32800654,0.3948742,0.81231207,0.7957682,1.4266801"
"-0.64398825,0.14844492,2.0539143,0.80341756,0.34008664,1.6636674,1.0146064,-0.15579997,0.90203166,0.58595556,1.8267779,1.183425,1.0912157,1.5920355"
"-0.49665678,-0.012740135,1.7280886,0.34331632,0.9109799,1.0069776,0.66728437,0.122293286,0.80326796,0.24934149,0.58852905,1.5911113,1.0442612,1.7909689"
"0.08850413,0.34147355,1.1061301,0.11735277,0.18073276,0.74829227,0.43985805,0.11676229,0.7693294,0.52723616,0.34198558,0.23213954,-0.21669078,1.0145577"
"-0.266699,-0.09021951,0.70435715,0.21381989,0.15508175,0.72547126,0.4586132,0.45803934,0.35900503,0.59302104,0.7689148,0.41669452,0.46988335,0.5920608"
"-0.13699684,0.12457664,0.96345896,0.19175625,0.40960345,1.0136033,0.308691,-0.14220665,0.9240012,0.61610585,0.2660627,0.37524983,0.21854003,0.8757082"
"-0.18476443,-0.14100094,1.3373628,0.30072755,0.5381075,0.79998666,0.80086166,0.75514835,0.44362625,0.46607086,0.5258006,0.76126343,0.7252856,0.60715127"
"-0.33681878,0.4473796,1.122834,0.62409484,0.4924453,1.1941186,0.30023322,0.051389664,0.9956621,0.10171074,0.7541151,0.96557957,0.5643708,1.5004512"
"-0.538154,0.13396254,1.5431428,0.19581705,0.9878106,0.82920706,0.16709508,0.046287958,0.434817,0.22871289,0.1613917,0.70069283,0.5530096,1.4596715"
"-0.32020932,-0.12575568,1.5083146,0.10334841,0.7745359,0.775598,0.7728393,0.15135022,0.99830323,0.36787757,0.70377535,0.59713185,0.65771323,1.0405498"
"-0.22631504,-0.08203437,1.8637004,0.7461005,-0.07542447,1.4397553,1.0998255,0.5650808,0.936865,0.8965122,1.5262105,0.64936835,0.33202928,1.0016752"
"-0.25315008,-0.2847298,2.0870514,0.42173597,0.5129529,1.4466647,1.0077602,0.76726437,0.5855236,0.83069277,0.92898905,1.0353135,0.7665691,1.1189494"
"-0.056871463,0.10460712,1.1172537,0.037949014,0.31058836,1.2007655,0.48331675,0.35507286,0.7661178,0.4207248,0.45142922,0.16566242,0.2317843,0.9962944"
"-0.03109612,0.43944138,1.1189835,0.21224678,0.39548185,1.2180741,0.48631218,0.41709736,1.316728,0.55222124,0.22321443,0.1616051,0.27373907,1.143623"
"-0.40888932,0.06962078,1.1878662,0.42969716,0.22067508,1.3610368,0.95675004,0.23180132,0.43721047,0.90658414,0.9955189,0.9802862,0.6569426,1.3866502"
"-0.069079615,0.4494261,1.0006038,0.67835,0.08721392,0.81270206,0.6093793,-0.038662307,0.7397951,0.25366262,0.760245,0.38571456,0.23211192,1.2149472"
"-0.30032632,0.0067164553,0.8564928,0.5230456,0.5224674,0.7235664,0.6010271,-0.14785859,0.6418018,0.22308765,0.7005741,0.56073725,0.5868643,1.1454693"
"-0.12844425,0.06357292,1.1188891,0.6492569,-0.016018953,0.99952596,0.7296698,-0.32886738,1.0280796,0.4959281,0.6642734,0.80380756,0.6830267,1.2686577"
"0.17437425,0.21805613,1.6014926,0.18875854,0.7721362,0.4092044,0.39824384,-0.18408139,1.3085142,0.9274064,0.57560354,0.02367153,0.29411587,0.7605186"
"-0.14147957,0.033433814,0.99619025,0.4100306,0.51817524,0.46507916,0.3718611,0.17367896,0.5498917,0.3297359,0.4427187,0.51163125,0.5171708,0.71290314"
"-0.19719534,-0.11130622,0.88034034,0.075480714,0.54661596,0.507206,0.3936539,0.1465667,0.54573375,0.5478454,0.5627422,0.33003765,0.46096703,0.5550846"
"-0.2427563,-0.20534913,1.8418072,0.3999864,0.06406178,1.3425695,0.59065866,0.52799684,0.791507,0.57412016,0.9005818,1.0479772,0.8948424,1.3778641"
"-0.43526193,0.24522078,1.0802444,0.024587046,0.4661392,1.3380693,0.22910397,0.21163349,0.55685836,0.72019845,0.39650786,0.52052164,0.3879022,1.1971107"
"-0.21010375,-0.081073314,1.0499415,0.18716078,0.28530684,1.2066616,0.6863676,0.30153584,0.44744727,1.1383759,0.8787725,0.58615834,0.78454465,1.1505464"
"-0.23600149,0.16212489,1.3917778,0.8270966,0.35996786,1.072418,0.7041148,0.03894546,0.78809667,0.10870572,1.1736195,1.4023349,0.93711734,1.8602794"
"-0.2913444,0.14710845,2.0892587,0.30359712,0.9162913,0.61614954,1.0092814,0.20651361,1.2530365,0.992296,0.31525072,0.59579617,0.63082874,1.5570971"
"-0.46296296,0.1957666,1.0587895,0.4669175,0.4258715,0.8699985,0.5693618,0.12171414,0.95916,0.3717167,0.72960657,0.09035519,0.33064353,1.5194968"
"-0.48443735,-0.13199762,0.94639456,0.59938633,0.15610152,0.68217266,0.50600386,0.010607963,0.7306592,0.21943237,0.9728003,0.47382507,0.7840281,1.1843213"
"-0.0983529,0.07170347,0.838246,0.276438,0.21252394,0.58078456,0.66220134,0.024944976,0.79868424,0.22429629,0.5118005,0.2272813,0.27093259,0.8380438"
"-0.38315433,-0.5217497,0.62146455,0.50932103,0.55507135,0.7836526,0.68746996,0.10619697,0.7818015,0.38550985,1.0752875,0.7539269,0.5980019,0.91643405"
"0.07883906,0.24051976,1.3388808,0.36320335,0.6026325,0.43541262,0.287367,-0.08275743,0.91841584,0.57787967,0.18842869,0.52820176,0.59561336,1.2317724"
"-0.17162512,-0.48673695,1.2218442,0.3029777,0.5899751,0.6151152,0.011742566,0.68791914,0.79384804,0.67105436,0.51082623,0.3612745,0.72418797,0.74879164"
"0.028856516,0.63643867,1.6238025,-0.067210875,0.5589282,0.8496739,0.32536983,0.49235693,0.9890599,0.7820076,0.06494142,-0.060085174,-0.02449026,1.465797"
"-0.49974585,-0.013880959,1.4866129,0.39923728,0.21262914,1.0423099,0.36736366,0.40158802,1.0314219,0.416185,0.52562827,0.4936269,0.9471949,1.0630231"
"-0.3888354,-0.82325166,1.4634682,0.48376915,0.71514106,0.76087856,1.0592517,0.65278095,0.437702,0.6468192,1.3324448,1.4179792,0.8520599,1.0032413"
"-0.009182564,-0.010784234,0.9833212,0.226606,0.14228982,0.543498,0.3738196,0.12594509,0.8622208,0.33021995,0.45132148,0.19844224,0.19860137,0.31020644"
"-0.16684654,0.6457692,1.5003357,0.38487035,0.5728263,1.0429085,0.4039894,0.15788881,0.78828084,0.25159922,0.95159525,0.7433194,0.65033394,1.5983732"
"-0.33372754,-0.11524786,1.3093876,0.6877037,0.035612874,0.7913384,0.6349636,0.17055435,0.64349246,0.21765544,0.7160562,0.40590662,0.6290297,1.0180126"
"-0.017015677,0.25382495,1.7682319,-0.24253038,0.44186574,1.2144641,0.5389297,0.43531686,0.6470418,1.2993723,0.91085,0.52591705,0.5963724,1.4158581"
"-0.23432784,0.2110142,1.528443,0.5160825,-0.072481826,1.0793359,0.36051953,0.07866435,1.3411742,0.14635918,0.5364138,0.37040624,0.62823695,1.1800373"
"-0.81587845,-0.25629592,1.0539515,0.34644115,0.85741454,1.2833532,0.55751526,-0.027036555,0.80497074,0.81894433,0.8124351,1.2182146,1.0760524,1.4793533"
"-0.48177546,-0.25612816,1.4683509,0.6517426,1.1677232,0.74756825,0.20648609,-0.09993849,0.71421164,0.25002652,0.39212334,1.1936053,0.6990799,1.203259"
"-0.5355254,-0.50607806,1.1237833,0.65584934,0.65693784,0.46999213,0.6495979,0.2469091,0.6263014,0.33274361,0.986381,1.2258947,0.6283989,1.0034739"
"0.04754688,0.07003585,1.8421527,0.16791497,0.3440134,0.88521606,0.93716174,0.41117766,0.7746077,0.48993254,0.66290826,0.3880785,0.3744356,1.1560874"
"-0.32571182,0.12746763,1.1601076,0.18525983,0.21654814,1.1906483,0.5798892,0.02184686,0.57809955,0.48034772,0.5187424,0.41960236,0.3724882,1.046489"
"0.14531134,0.032945074,1.638676,0.23967351,0.687026,0.5372876,0.58505625,-0.06793818,0.9575286,0.8068648,0.60747373,0.5935003,0.15652715,0.91913503"
"-0.30437395,-0.4815045,1.0275433,0.45618534,0.6021146,0.3570268,0.41777042,0.31481782,0.4794326,0.10693934,1.0303484,0.9807274,0.5808141,0.5880625"
"-0.39485595,-0.37615862,1.1022301,0.25452736,0.2603082,1.1378306,0.6515509,0.20548014,0.37788597,0.84879506,1.3461351,0.9782137,0.6092339,1.4570594"
"-0.21000814,-0.26887232,1.277641,0.804594,0.624927,1.326322,0.459043,-0.113857776,0.84957486,0.43933186,0.9524955,1.6236724,1.0804702,1.5342067"
"-0.30408326,0.5852321,0.7825924,0.19652529,0.50231403,1.0445111,0.32310295,0.07385691,1.0147194,0.44221488,0.21816993,0.17942315,0.1971275,1.4119972"
"-0.18314749,-0.27054465,0.85489625,0.71300435,0.63263595,0.595344,0.7524893,-0.30842438,0.84064835,-0.1711953,0.8235075,0.6708951,0.39941567,0.8891162"
"0.027303517,0.064958476,1.0872488,0.23446444,0.42372078,0.38202927,0.56813395,0.2179311,0.814715,0.46877548,0.25364155,0.29221773,0.20753695,0.90518093"
"0.29285786,-0.3616627,1.5270804,0.22193456,0.9349601,1.1342785,0.5615287,0.5942808,1.0072681,0.5150431,0.7163641,0.5338369,0.58506477,0.7967681"
"0.31864846,-0.17431004,1.5514158,0.08691749,0.7070774,0.70932823,0.7246987,0.59755087,0.85073453,0.6835285,0.75168437,0.22154379,0.5443938,0.68299866"
"-0.5297984,0.32144895,1.2178375,0.2919336,0.36160457,1.0518173,0.25283995,0.08693016,0.9180823,0.4850706,0.3826891,0.13008533,0.2518383,1.558651"
"-0.44767827,-0.069503345,1.2027744,0.6457175,0.31906846,0.6543801,0.60940504,0.4761103,0.75910944,0.064250596,0.7535465,0.9460665,0.45372295,0.84234315"
"0.03420081,0.08999071,1.2208052,0.036594052,0.42182493,0.62288886,0.17283523,0.3194661,0.762787,0.4472509,0.2256901,0.24816214,0.30601874,0.8199919"
"0.3721134,0.26291475,1.1909037,0.3320518,0.2552986,1.0471634,0.5463192,0.2529616,1.7205421,0.612714,0.7601592,0.43190664,0.6135145,1.1925768"
"-0.108752735,-0.1409777,1.1876965,0.420687,0.7210625,0.5962642,0.45147195,0.33648044,0.8227247,0.18439294,0.4636072,0.718416,0.5221948,0.8193624"
"-0.08463814,-0.11821492,1.5453832,0.23668107,0.25590846,0.8850979,0.61635685,0.59322155,0.7470208,0.44110793,0.7635402,0.9236039,0.41935143,1.1233418"
"-0.32822087,0.44103375,1.4571937,0.68647486,0.21378636,0.8427291,0.6573805,0.13691606,1.2804595,0.09698293,0.46458724,0.6116053,0.61171645,1.265292"
"-0.24452296,-0.04101617,1.0970114,0.43675652,0.556051,0.8850017,0.7744867,0.3875945,0.35557598,0.37816238,1.0552448,0.79566145,0.8005159,1.0207039"
"-0.44107842,-0.22967207,1.8631867,0.46292862,0.2625755,0.89542794,0.692228,0.7182107,0.8393781,0.7090854,1.3132855,0.80181015,0.8564105,0.79199314"
"0.09649752,0.20044275,1.0231986,0.42089978,0.8100101,0.66708535,0.28506428,-0.16112973,0.82833576,0.349862,0.12035446,0.7880468,0.18191394,1.2558798"
"-0.51487815,-0.07702473,1.9534552,0.4419663,-0.20631337,1.3043978,0.8105467,0.3790556,0.95762694,0.115501076,1.0423006,0.4408692,0.41834223,1.0432569"
"-0.16758995,-0.14855208,0.9665171,0.3402188,0.35906607,1.0443588,0.61486316,0.4062771,0.40120792,0.45461592,0.76858914,0.814381,0.77267164,0.94567776"
"0.23471102,0.503798,0.9180284,0.40824902,-0.08240575,0.7092519,0.45013446,-0.17342214,0.99229956,0.63654435,0.6905172,0.46410292,0.013046052,1.0148954"
"-0.53420913,-0.22744696,1.2208458,0.54863274,0.56001085,0.60628265,0.7195814,0.00859968,0.2895487,0.10418062,0.8568273,1.4243845,1.0845009,1.3576766"
"-0.55663335,-0.28987557,1.0886589,0.6210517,0.5032828,0.8812647,0.6494498,0.37386906,0.32811096,0.3274249,0.996492,1.0598081,0.88974416,1.0058906"
"-0.10680135,-0.393085,1.1142415,0.24963251,0.6671553,0.8093209,0.5453302,0.015104039,0.729449,0.34800228,0.5147563,0.53896815,0.31856516,0.6696279"
"-0.3077511,-0.38278693,1.6548502,0.14858086,0.45011094,1.7596112,0.7509196,0.5187781,0.831589,0.9435621,1.3995292,0.6329911,0.45945063,1.053949"
"-0.3777371,0.19510576,1.3233714,0.15536258,0.90111625,0.6511463,0.40967643,-0.53606623,0.86147034,0.3934301,0.22201268,0.9354208,0.39442018,1.4038241"
"-0.40429664,-0.17009667,1.3099864,0.5529227,0.23570147,0.7979111,0.51692426,0.37898818,0.9948971,0.14872836,0.8182689,0.014488928,0.48018834,1.030227"
"-0.072337694,-0.028862571,1.0130373,0.47469923,0.76088315,0.4293235,0.20299819,0.011761458,0.5937637,0.05990067,0.20583455,0.73019814,0.450427,0.7840776"
"0.03785431,0.34182373,0.8744779,0.051612765,0.14715654,0.7762877,0.16725674,0.040485308,0.7920196,0.5315359,0.21447654,-0.00068864226,0.07667223,1.1288373"
"-0.21379675,-0.12876394,1.1491497,0.48942226,0.7010044,0.43251756,0.69811386,0.032262173,0.495456,0.039995644,0.6357117,0.66351086,0.56256944,0.92866343"
"-0.31922767,-0.8527198,1.3357248,0.35080472,0.28368056,1.0039656,0.7234586,0.6596878,1.2993042,0.50185037,1.2368591,0.85914624,0.6563716,0.89907074"
"-0.14034647,0.0822513,1.4805745,0.17393173,0.5299438,0.7149254,0.91890943,0.29998207,1.2844163,0.4159627,0.64352477,0.22408108,1.0478169,0.87715006"
"-0.46884304,-0.047228053,1.1208854,0.7186956,0.021397516,0.78199065,0.68773276,0.15710796,0.5561298,0.022149745,0.7764578,1.0437421,0.7065175,1.2269728"
"-0.11575012,0.31444272,1.1769892,0.19973417,0.75562817,0.82517886,0.42409885,-0.44215512,1.1300156,0.8376726,0.17069678,0.7052625,0.37043527,1.5121706"
"-0.03451318,-0.50025845,1.3255291,0.47083914,0.52619165,1.1771482,0.75450456,0.3973026,1.0223219,0.40596095,0.92642486,0.54907894,0.58097684,0.7415121"
"-0.3701377,0.28463498,1.6889879,0.097284615,0.6665051,1.1368394,0.531109,-0.024957802,0.8221239,0.5958247,0.48540527,0.43042994,0.23665324,1.2826283"
"-0.32613024,-0.32119516,0.9225336,0.19870697,0.32820794,0.411459,0.41265917,0.21681482,0.6867674,0.1054575,0.4351331,0.28703663,0.4041558,0.6085856"
"-0.048469786,0.0027461515,1.3349278,0.30168426,0.036538146,1.0083148,0.76028705,0.26890117,0.5966556,0.44634077,0.86460197,0.5205531,0.3407384,0.6159244"
"-0.3341303,0.042911917,1.9572347,0.4309186,0.4533695,0.9999281,0.41515774,0.33971128,1.1367017,0.3360237,0.94320923,0.83244056,0.6178997,1.0890241"
"-0.07484727,0.66284674,1.7630886,0.28177312,0.73470616,0.58554906,0.98354715,0.36549264,1.2144028,0.8001181,0.50403106,0.41255632,0.048173036,1.8875371"
"-0.0660521,0.24280585,1.9094954,0.20164171,1.0058266,1.0890007,0.6346038,0.46431243,0.5647179,0.8447876,0.4965041,0.8129816,0.6845541,1.4900719"
"-0.3524683,0.21291238,1.9552593,0.13002583,0.9706623,1.0238138,0.19212097,-0.09108818,0.8947817,0.39038512,-0.01725844,0.67606074,0.38620478,1.5272435"
"-0.029418983,0.054026477,1.0558132,0.041304003,0.36628938,0.6336608,0.20255846,0.08754875,0.9609676,0.13429257,0.5526361,0.12549822,0.41378084,1.1223148"
"-0.22330646,0.48087832,1.2346578,0.10041172,0.75651264,0.63878304,0.30002907,0.05227221,0.7115838,0.58228016,-0.25793877,0.39981762,0.17664428,1.2866884"
"-0.6547177,0.38704836,1.2952145,0.49925032,0.24364114,1.2111683,0.51908505,0.27446407,0.8737338,0.16329683,1.1383398,0.4934131,0.30016106,1.6796935"
"-0.31114724,-0.48261014,1.4120268,0.65145,-0.112646386,1.1284753,1.3514342,0.18069918,0.9410656,0.9248528,1.6175126,1.1510993,0.41933692,0.96528876"
"0.0884965,-0.1342742,1.5403618,0.10265742,0.57427686,0.9660849,0.5860332,0.6606882,0.7676445,0.89922565,0.37280482,0.22323774,0.29034618,0.66618866"
"-0.45010686,0.028331934,1.2263018,0.113006875,0.24763626,0.8164353,0.44136864,0.39813325,0.846206,0.47741103,0.5157277,0.08748339,0.42128506,0.5831297"
"-0.2951993,0.038191475,1.6482263,0.2749515,0.3087251,1.1396309,1.0687757,0.44113964,0.8385839,0.4413286,0.46158212,0.36195487,0.53043157,0.8529934"
"-0.35393703,-0.027807001,1.529574,0.42508516,0.73037064,0.6852001,0.45230886,0.76653385,0.779265,0.21781233,0.55960506,0.70798206,0.7590886,1.2863003"
"-0.31005743,-0.29399446,1.7551688,0.6424623,0.10205181,1.4219996,1.4551953,-0.07163339,0.8776161,0.7128589,1.9596977,0.9615522,0.70791465,1.264023"
"-0.051877182,-0.23731004,1.3374915,0.29852805,0.1952354,0.96935666,0.6593265,0.6003048,0.8261375,0.43152988,1.1128538,0.3629988,0.57322997,0.5422143"
"0.11683815,-0.2830791,1.4292263,0.32558906,0.38290438,1.1807013,0.8222299,0.5970489,1.4026377,0.183038,0.90235627,0.3002681,0.13841353,1.0437366"
"-0.30283946,-0.2772783,0.91705626,0.39798483,0.5504075,0.5785257,0.7868289,-0.038021777,0.7967238,0.100222975,0.6975223,0.5033937,0.41311148,0.76732826"
"-0.22340314,-0.07997933,1.2361146,0.89786667,0.57092696,0.8734251,0.73916864,-0.3027616,1.520415,0.055611733,0.54890436,0.7112167,0.8720552,1.5142955"
"-0.600012,0.23947755,1.9647512,0.051959958,1.3461478,1.4714051,0.55933434,0.17727485,0.8544197,0.25636974,1.2404654,1.3373146,1.2724211,2.3175876"
"-0.5610055,0.10743279,1.3926382,0.70275867,0.29944688,0.920783,0.7429987,0.2625929,0.6719143,0.15122952,1.3594406,0.7271859,0.6512173,1.42765"
"-0.3998579,-0.2691567,1.4592055,0.26997203,0.60883147,0.9433415,1.2166166,0.20799205,0.81514573,0.7553112,1.3340635,1.0250064,0.6489809,1.4265537"
"0.2560012,0.13544519,2.169966,0.091658704,0.44002873,1.4251479,1.3487842,0.3076934,0.8622654,0.99878246,0.75379723,0.38739243,0.08777246,1.268498"
"-0.13422546,0.101345316,2.3253174,0.12367859,0.628057,1.1164172,0.8866493,0.5050962,1.2755692,1.2946136,1.1221576,0.05859478,0.44319347,0.76574385"
"-0.08382537,-0.2350396,1.3569164,0.021816969,0.63453317,0.9272615,0.23916157,0.4424425,0.66003704,1.0175475,0.710272,0.6096799,0.5919238,0.6462541"
"-0.22956935,-0.10551804,2.0481865,0.2633644,0.82608485,1.0473309,0.61248213,0.5967879,0.5055256,0.51402164,0.5227525,0.5983692,0.77296144,1.3293016"
"-0.24075365,0.05223005,0.8538602,0.10521362,0.26396245,0.843521,0.6931962,-0.026289351,0.83344513,0.35460258,0.39032373,0.43412328,0.4263125,1.0312601"
"-0.7383285,-0.46401957,1.4932607,0.50534016,0.5201505,0.9628555,0.7289534,0.3331752,0.5885567,0.3391093,1.405243,1.0202577,0.9460672,1.0524975"
"0.029263733,0.24402475,1.3374838,-0.02946994,0.67256117,1.074635,0.5735033,0.09637107,1.1601562,0.67893195,0.41505775,0.46411598,0.11128779,1.0960052"
"-0.28374267,0.17731535,1.6640131,0.12564233,0.74795485,0.640934,0.33963028,0.423752,0.73508555,0.5229867,0.17012993,0.5260694,0.5434417,1.1935884"
"-0.31883264,0.09842362,1.3033277,0.5254505,0.48432156,0.4144051,0.35484332,0.36187324,0.67039156,0.19828019,0.09019621,0.64769834,0.5921402,0.93210006"
"-0.3938486,0.032904368,1.4557831,0.2715842,0.43800628,0.82617015,0.52895254,0.3635095,0.71005726,0.22856693,0.15431346,0.6696367,0.46416834,0.8545172"
"-0.17548965,-0.09025282,1.309246,0.51321024,0.036834456,0.84216464,0.7233397,0.24515331,0.64065844,0.23171405,0.68994534,0.64560914,0.46324554,0.7027548"
"0.071753316,-0.25105497,1.9146844,0.20070148,1.214872,1.2805254,1.071326,0.17224972,1.6381751,0.36183313,0.8957967,0.4420892,0.73113143,1.6570646"
"-0.15485002,0.01712523,1.3544234,0.08733476,0.8681402,0.42303032,0.6333771,0.11516227,0.8185093,0.48920223,0.52326596,0.8586106,0.6533384,0.99871886"
"-0.42596385,-0.63478005,1.5822155,0.9137574,0.21736214,1.0597628,1.2842591,-0.0691255,0.8677334,0.5407256,1.5771639,1.0315804,0.6865447,1.3606484"
"-0.07149887,0.11629979,1.536937,0.1990736,0.55131435,1.0849768,0.7507102,-0.19673514,0.83958066,0.3289682,0.48029846,0.6710163,0.35205632,1.2494721"
"-0.26636013,-0.13522695,1.4597083,0.28882164,0.5935226,0.82357174,0.5690725,0.18546367,0.66462713,0.44153708,0.44567326,0.33156863,0.34267172,0.80980015"
"0.115024924,0.20863506,0.633596,0.17160451,0.28824967,0.35556665,0.15571645,-0.022200292,0.7597465,0.33511975,0.08986941,0.23788863,0.11761241,0.7571932"
"-0.4853136,-0.16990863,1.6217542,0.25370732,0.81900436,0.16511703,0.44638878,0.15173888,0.68832153,0.26928777,0.80358386,1.0972704,0.829751,1.2612056"
"-0.22344257,0.049154725,1.0431671,-0.12867822,0.14114043,1.0252324,0.31356016,0.56822634,0.6276386,0.6547999,0.25390863,-0.174349,0.3015227,0.63958114"
"-0.38513437,-0.42238456,1.2333083,0.8012879,0.20117712,1.2380285,0.72145146,0.2136219,0.6844915,0.36236358,1.2233258,1.3748575,0.59566677,1.4107805"
"0.25024137,0.3661407,1.6000732,0.05949186,0.2625522,1.1987795,0.9617662,-0.08399095,1.149175,0.79664797,0.39797255,0.08996517,-0.017457966,1.1185861"
"-0.10907788,0.11159052,1.6612421,0.418914,0.5473666,0.43295988,0.8195676,0.355966,0.7503928,0.45751122,0.08972955,0.75841916,0.59370625,1.1776391"
"-0.17282338,0.096685074,1.4367981,0.53855366,0.60265756,0.27063748,0.6874227,0.29747126,0.5208677,0.29952735,0.51783293,0.5840218,0.6836029,0.90809655"
"-0.21805708,0.6260426,2.2572641,0.7005532,0.22420263,1.132718,1.0096853,0.3116384,1.1597376,0.54681396,1.1624184,0.7458664,0.5479396,1.184307"
"-0.47025684,-0.11581027,0.78752196,0.24923253,0.56913185,0.61469084,0.22096737,-0.15711193,0.6301795,0.44651037,0.3999956,0.5559888,0.46317187,1.1201503"
"-0.7997587,-0.7507112,1.4480089,0.79875976,0.5352893,0.55276,0.80933535,0.506026,0.78882635,0.271614,1.8362166,1.3729179,0.9279319,1.2786415"
"0.1744049,0.20247072,1.8243103,0.20673175,-0.15219304,1.0773245,1.0696605,0.31551266,1.1493071,0.39081535,0.92558473,0.5351745,0.527697,1.0522597"
"-0.49747837,0.08912903,0.91423357,0.17548844,0.19001135,1.4009365,0.46354938,-0.027854672,1.278162,0.6102844,0.64558697,0.19072525,0.9514672,1.3385447"
"-0.56218606,0.41366592,1.3861902,0.4302381,0.41875184,0.9265937,0.15400364,0.34297597,0.83179885,0.22435004,0.8047096,0.8204294,0.78536665,1.2224712"
"-0.6158647,-0.3847167,1.6528332,0.3577665,0.9005054,0.89199626,0.34924266,0.40473616,0.47251764,0.43084237,0.80814207,1.1541547,0.9694246,1.0292059"
"-0.27257836,0.39639297,1.7648425,0.30862433,0.8075185,0.8388877,0.56671625,0.43678,1.2901636,0.681114,0.14738525,0.18308513,0.3287256,1.1391929"
"-0.30815437,-0.48701116,0.9939805,0.14403598,0.23519117,1.076045,0.46255893,0.27802384,0.7224003,0.764249,1.136679,0.6571638,0.3459883,0.91042376"
"0.13083903,0.22994532,2.345399,0.22377516,0.6460979,1.4619288,1.3519243,0.42624202,1.1393814,1.0224077,1.1254861,0.2313546,0.448539,1.533165"
"-0.18579789,0.12835021,0.8365293,0.14083481,0.15328962,0.6188375,0.19990562,0.12767178,0.5523418,0.10232808,0.24142554,0.20891011,0.39735302,0.94372755"
"-0.00017601438,0.018938422,1.2723626,0.6020433,-0.024897967,0.68189275,0.75606585,0.06954622,0.7802856,0.2931454,0.7146554,0.5370188,0.3569764,1.1194004"
"0.012464786,0.34760383,1.7561961,0.28142944,0.32827413,1.0345315,0.80237365,0.12658896,0.8573324,0.4079663,1.081661,0.44190228,0.25048345,0.9215762"
"-0.5965083,-0.16968156,1.415197,0.36431998,0.92932165,0.7098069,0.6282421,-0.12206319,0.89586055,0.055889074,0.31194028,0.86287946,0.8331263,1.4001929"
"-0.16538267,-0.07106652,0.6689579,0.19150394,0.5105136,0.25883743,0.09809865,-0.1317234,0.5164196,0.41177365,0.43472794,0.5592438,0.3324568,0.5616856"
"-0.18589608,-0.03991828,1.2606248,0.050971206,0.24401844,0.68836856,0.22133456,0.4581874,0.6876928,0.4942211,0.1708595,0.24473691,0.2343992,0.90271294"
"-0.4046875,0.041323155,0.8851197,0.030014941,0.31838122,1.0247985,0.2674157,0.14395128,0.52693784,0.67768884,0.4172626,0.36231288,0.57882464,1.2935684"
"-0.32367408,-0.11833648,0.98177487,-0.10961191,0.18565527,1.3514068,0.3589139,0.14522266,0.5281339,1.0128838,0.7020831,0.4734431,0.4845048,1.5152042"
"-0.13098747,0.080360234,1.241746,0.387511,0.48481625,0.78555435,0.19616641,-0.012644576,0.9926066,0.6841184,0.726201,0.2654836,0.3504282,1.0564255"
"-0.3962442,-0.2659815,1.0829871,0.30163354,0.4282402,0.43790728,0.5294439,0.26422015,0.26199633,0.367716,1.0748155,0.903319,0.6741046,0.7349735"
"-0.21817702,-0.14419807,1.7529233,0.30551863,0.21163186,0.62437415,0.76677155,0.4769629,0.884098,0.10212889,0.4508059,0.33259892,0.42229873,0.9920952"
"-0.25737363,0.09483849,1.312416,0.21121109,0.11983257,0.91909426,0.8312417,-0.13216123,1.0880947,0.42610532,0.5273599,0.18013048,0.56003165,1.0789429"
"-0.089549124,0.016998949,1.4131973,0.12095493,0.6337215,0.96750987,0.52086407,0.70489746,0.80310434,1.1205074,0.7003956,0.47697377,0.46430796,0.6617177"
"-0.16925746,-0.011940511,0.9367792,0.35433942,0.2281647,0.46222684,0.4631884,0.27691534,0.57267356,0.13984045,0.288164,0.29376912,0.20053647,0.73134345"
"-0.5045575,0.32378283,1.3295295,0.6031917,0.3680189,1.6122059,0.5710316,-0.1790904,0.81644046,0.50805557,0.77781796,0.8722384,0.3182967,1.7174771"
"-0.10772645,1.1242349,1.6548662,0.17739742,0.3811474,1.3160824,0.590308,0.26403752,1.5900865,0.75000155,0.22713007,0.11012952,0.084993675,2.0277474"
"0.046274845,0.14169711,0.7144255,0.41305128,0.12307438,0.7874191,0.67030233,-0.0995339,0.60718846,0.41938543,0.86184585,0.34828857,0.44650224,0.8685736"
"-0.20709544,-0.19592063,1.2789568,0.44238105,0.23938546,0.8111948,0.24247304,0.4185991,0.7937398,0.3293934,0.5392632,0.31049109,0.62688357,1.0037315"
"-0.14769813,0.34615558,1.3748171,0.7544952,0.4887966,0.72756267,0.65652806,-0.11593168,1.1680329,0.2687474,0.328537,0.95686096,0.6839877,1.5409716"
"-0.4602458,-0.14415191,0.9507573,0.36406076,0.32907078,0.73065436,0.34009057,0.30738908,0.58876604,0.07705185,0.52849287,0.501331,0.7143056,0.98152304"
"-0.22797069,0.029714974,1.7370886,0.28682774,0.351217,1.1852349,0.594799,0.20202161,0.68398833,0.94186085,1.1832168,0.7152265,0.8332594,1.5321562"
"-0.22046871,-0.19909146,1.1001043,0.3037176,-0.0036696345,1.0141853,0.076995164,0.74063295,1.181865,0.28791937,0.89036214,0.4245535,0.6913349,0.99635595"
"-0.1116465,0.22589336,1.1250302,0.5885162,0.12112547,0.994755,0.48552167,-0.030061994,0.6316712,0.10689138,0.882783,0.52171403,0.43878144,0.9769453"
"0.12433958,0.35317406,1.0032804,0.30551457,0.25676495,0.50912666,0.6703377,0.19376715,0.7491895,0.46860915,0.635256,0.4916411,0.34380138,1.0702283"
"-0.25419852,-0.17020632,1.1435552,0.481013,0.8059709,0.36347595,0.3272564,0.02299362,0.45064056,0.16932979,0.25019047,0.8330752,0.4491239,0.8650553"
"-0.104731165,-0.11184361,1.3383499,0.3875062,0.9339937,0.8571236,0.6343963,-0.16935687,0.7962312,0.36757946,0.6811929,0.82158035,0.87692803,1.0967997"
"-0.6744542,0.3516003,1.6872207,-0.116385736,0.5939296,1.2125607,0.25695053,0.33200064,0.9836337,1.2286457,0.16192877,0.17642117,0.73121333,1.7365354"
"-0.444107,0.08749861,1.9548928,0.62860394,0.8207264,0.6976055,0.7569147,0.11068371,0.9887853,0.23077369,0.09588969,0.8364123,0.57122797,1.5360348"
"-0.40305766,-0.40137288,1.0624923,0.77224255,0.32855713,0.8564681,1.1237622,0.05718762,0.60454637,0.31937024,0.8861851,0.66128397,0.49535906,1.0288606"
"0.07180301,-0.042444114,2.3986797,0.50851756,0.41890523,0.57183075,1.1158347,0.58996826,1.2540122,0.4041566,0.94277585,0.3945109,0.7976357,1.1846131"
"-0.12524603,0.078391485,0.91098213,0.14436375,0.27762988,0.57794845,0.32061616,0.2956072,0.5370248,0.5072267,0.40231726,0.218058,0.5327959,0.49833423"
"0.16244459,0.3738413,1.467086,0.16205637,0.2163704,0.78897476,0.58656627,0.48404875,0.7185379,0.55718935,0.54213536,0.26524776,-0.048995793,0.96035725"
"-0.14664268,-0.084692866,0.97373927,0.5389526,0.22519195,1.2440304,0.9141322,-0.25445145,0.6036847,0.9315073,1.3187332,1.0566292,0.63120365,1.5391899"
"-0.15332024,0.29015207,1.727275,-0.008726312,0.59919226,1.1067023,0.3497636,0.49703613,0.6947871,0.9483385,0.43492225,0.40972534,0.45114905,1.1255032"
"-0.22128855,0.50093913,1.0365,0.3179693,0.36857218,0.7698048,0.3909772,-0.031784758,0.79501706,0.4620356,0.36534244,0.5017608,0.11482924,1.350972"
"-0.5360086,-0.50809807,1.0380245,0.71640676,0.6820992,0.9538089,0.6373222,-0.20783478,0.4040097,0.31870103,1.4935331,1.3551075,0.77781063,1.3642128"
"0.036426812,0.34275156,1.3163017,0.43403986,0.731058,0.64066607,0.94258183,-0.025193984,0.53764033,0.45391718,0.5117786,0.78845155,0.4570953,1.3921171"
"-0.5119102,0.007589979,1.6610327,0.2977851,0.8811619,0.86861235,0.6328339,0.6945326,0.7038478,0.7528389,1.1922028,1.023034,1.1669289,1.371977"
"-0.16954412,0.2656422,1.0671376,0.21950948,0.84579813,0.8936126,1.0010341,-0.31795526,1.0289065,1.0494664,0.51591605,0.63276905,0.56285214,1.2744228"
"-0.07412821,-0.1046665,0.7987814,0.48389584,0.45830303,1.0065112,0.64090973,-0.41373512,0.5361255,0.30200902,0.96714056,0.8704389,0.60130554,1.4140015"
"-0.76780355,-0.33501413,1.916594,0.86601627,0.41167662,1.6176271,1.1553024,0.82672447,0.46515083,0.61532795,1.3691016,1.1247607,1.0858991,1.21207"
"-0.13124545,0.0718339,1.0506252,0.42204368,0.42187986,0.98380595,0.39748994,-0.14024507,0.5216774,0.39856827,0.5099657,0.9817293,0.5879945,1.3794489"
"-0.3484492,0.23872887,0.9208,0.41930094,0.30161512,0.8048036,0.33510682,-0.09399742,0.9646978,0.07115481,0.33184576,0.2939942,0.59838265,1.0965612"
"-0.24308869,0.24638478,1.918357,0.57858765,0.47917762,0.95745593,0.5242393,0.30276075,0.7901612,0.40759417,0.28600794,0.8442066,0.5526135,1.454768"
"-0.21855389,0.29700816,1.3840492,0.17926723,0.49907175,0.5295627,0.8928262,0.16215487,0.78816307,0.6265716,0.34988335,0.47065195,0.4343726,0.8672188"
"-0.2542853,0.25473845,0.80568427,0.26946464,0.55660164,0.62859195,0.11226875,-0.2753324,0.7695928,0.4571949,0.077522956,0.5471476,0.5621814,1.3122848"
"-0.83444947,-0.09615601,1.1117482,-0.10657003,0.4858121,0.8675266,0.12205033,0.43042853,0.6976833,0.5874885,0.62180734,0.20393819,0.7453957,0.9949405"
"-0.03431089,0.098794274,1.0043262,0.34288487,-0.006793523,0.52836126,0.38788474,0.32363102,0.9297241,0.08839518,0.35661113,0.120207936,0.41505504,0.5032045"
"-0.9488062,-0.5197742,1.3369017,0.50149685,0.89405954,0.7259579,0.58989775,0.1421745,0.66550034,0.58905596,0.82966876,1.3905452,1.2092369,1.3938957"
"-0.20699978,0.17935295,0.82155865,-0.23703712,0.08293532,0.88633734,0.24038455,-0.14126994,1.0586951,0.5642127,0.059798688,0.09742698,0.6761558,1.1264366"
"0.3134982,0.1081346,2.2433302,0.08960323,0.45096773,1.2244835,1.3284949,0.45682403,1.0006157,0.6779289,0.8416227,0.67924416,-0.08755925,1.3513467"
"-0.26015347,-0.06584213,1.2430283,0.780462,0.098219074,1.1930928,1.2131554,0.07355084,0.921061,0.4222223,0.9867488,0.6335315,0.6935822,1.0554442"
"-0.50212735,0.22807044,0.91464657,0.32745495,0.75035256,0.9132669,0.24013518,-0.022043774,0.94319695,0.30535743,0.47593257,0.6816806,0.36096996,1.1955497"
"-0.281676,0.03634972,0.7968597,0.4352565,0.38454053,0.49689752,0.5233555,0.09874928,0.37643552,0.28017494,0.78938544,0.31423274,0.5543761,0.64605767"
"-0.1266724,-0.2310592,1.6543655,0.59677976,0.29796743,0.85269785,0.742804,0.32536122,1.3049659,-0.15625086,0.64630514,0.09695166,0.7003511,1.1289079"
"-0.22137585,0.6078266,1.0670906,0.4135571,0.6040769,1.0580872,0.08700195,0.04088192,1.080442,0.35000014,0.6515915,0.6622524,0.2834015,1.6064513"
"-0.35160124,0.081994556,0.7984739,0.7495421,0.7104544,0.6372295,0.5044016,-0.22538376,0.67732465,-0.044453144,0.70997036,0.6050257,0.46837994,1.132479"
"-0.20898004,-0.079233825,1.2149284,0.7810275,0.06947068,0.7636541,0.8031573,0.45859602,0.81660575,0.020964885,0.804511,0.8464062,0.5195946,1.0093659"
"-0.11405964,0.24013585,1.9760573,0.2523418,0.18267989,1.160768,1.0581765,0.23211667,1.159429,1.073363,1.1318178,0.36234546,0.34994522,1.1426498"
"-0.32929426,-0.13489696,1.2224468,0.27458677,0.27193293,1.1199615,0.67581797,0.38885242,0.36665487,0.3621318,0.44451827,0.8520193,0.59197885,1.108448"
"-0.07147199,-0.010367805,1.9480236,0.4237068,1.0736352,0.5172398,1.0885633,0.16402067,0.7642052,0.5894143,0.5057681,0.8426469,0.8187504,1.6993898"
"-0.4172721,0.09459326,1.3838303,0.325694,0.016746197,0.83728504,0.51933783,0.3783495,0.9180163,0.18354751,0.66722614,0.05966243,0.30092326,1.0956498"
"0.06437324,0.11719536,1.9582478,0.37407702,0.197629,1.3735442,1.1756372,0.21526271,0.9873188,0.6259641,1.700951,0.5785538,0.38579467,0.9206777"
"-0.32154945,-0.27668914,1.6208607,0.40035358,0.63452876,1.372677,0.698334,0.25844818,0.81325924,0.6889455,1.4601009,0.9153111,1.0114083,1.0751766"
"-0.33162993,-0.38916406,1.7466406,0.6055302,0.27533686,1.2308567,0.88236135,0.81834066,0.77579236,0.27100226,1.2549673,1.020122,0.8351573,0.8051422"
"-0.28994203,0.2898516,1.2397883,-0.13778768,0.6903023,0.61321664,0.38663954,-0.002286166,0.90602136,0.72441435,0.17417434,0.050542228,0.5307109,1.1001099"
"-0.11920345,-0.032164145,0.9603162,0.1406758,0.3819898,0.8616462,0.64264417,0.48915866,0.49542895,0.5447077,0.57940376,0.5007182,0.28859654,0.78558445"
"-0.15183802,0.28157794,1.2716278,0.38914922,0.7843799,0.6156703,0.5549467,-0.30091697,0.86918336,0.3643245,0.7065125,0.97267574,0.5336507,1.2057269"
"-0.022318214,-0.078860186,1.0480384,0.6257182,0.2909112,0.5871301,0.67488575,0.24312583,0.63619936,0.377664,0.6307011,0.8351764,0.49743384,0.8273891"
"-0.22761129,-0.0635991,1.2983284,0.3628377,-0.02742194,0.88828295,0.42236644,0.49483687,0.6548613,0.23960398,0.704343,0.2785144,0.2772249,0.77938455"
"-0.6313523,0.42280763,1.6721992,0.46208417,0.44566992,1.1855899,0.36660162,0.17530225,1.1987225,0.19996946,0.44920295,0.71462685,0.8635053,1.7009584"
"-0.21469954,-0.0134961065,1.5680656,0.37730727,0.3017783,1.3122672,0.8952005,0.63266337,0.8485256,0.38873944,1.0693301,0.3834651,0.40773502,1.0210018"
"-0.15869556,0.12937844,1.3923823,0.760578,0.19447008,0.7355242,0.35852906,0.1237815,1.253411,0.47231555,0.57661957,0.10404785,0.6916769,1.1976244"
"-0.12933572,-0.2521358,1.0498472,0.24776545,0.015062865,0.8251949,0.48388225,0.40753776,0.86254364,0.65984255,0.78955907,0.56208277,0.06552223,0.8632959"
"-0.1938811,0.05125587,0.7611695,0.5140116,0.13877788,1.0269406,0.32893956,-0.10261642,0.7294596,0.4657183,0.440375,0.80338436,0.41456044,1.0801659"
"-0.37540668,-0.22194302,1.6312582,0.40754095,0.41118184,1.2479879,0.80573004,0.34933218,0.23032637,0.46803993,0.9745585,1.1599199,0.9443976,1.1916084"
"-0.28329858,-0.13361481,1.4648958,0.73521996,0.82929516,0.81167495,1.1998303,-0.18221202,0.6683852,0.088314086,0.83028996,0.8830338,0.58372486,1.1348163"
"-0.27222294,-0.42610264,0.64388007,0.63376033,0.3562394,1.0337119,0.6912881,-0.3605928,0.64002395,0.47163838,1.2926577,1.1958491,0.8022672,1.2390763"
"0.0962042,0.0617247,1.294441,0.10279611,-0.06415501,0.35432237,0.75506705,0.31104308,0.90293807,0.32254878,0.43870413,0.2505156,0.30160895,0.80812496"
"-0.46836787,-0.23594368,0.8919276,0.29493612,0.6002486,1.0567534,0.4958131,-0.03988753,0.6048162,0.13779512,0.9414635,0.7741889,0.44611934,1.1555325"
"-0.03635222,-0.15732607,1.3193413,0.43857187,0.047465943,1.3400631,0.7036539,0.48581895,1.0679722,0.6669662,1.4994675,0.5512874,0.45647362,0.78781384"
"-0.57523715,-0.012933586,1.5009867,0.43530145,0.40693697,0.82175636,0.7937689,0.40184736,0.32697406,0.85117835,1.3531499,0.7892285,1.0741092,1.3631653"
"-0.11048568,0.41102633,1.4605867,0.49294585,0.48875985,0.8253048,0.9455834,0.27854156,1.0095941,0.46173194,0.7083364,0.5616005,0.32063252,0.9504292"
"-0.355764,0.16455367,1.9247514,0.5181739,1.2442544,0.43124178,0.5711839,-0.20195547,0.95323217,0.22400925,0.4904642,1.0289537,0.53599435,1.4628252"
"-0.19752826,-0.035102364,0.82687,-0.17438567,0.5204781,0.7039468,0.15898967,-0.023779722,0.4631722,0.4818092,0.14192505,0.15467183,0.25271878,0.64729583"
"-0.2662568,-0.4641694,1.6746967,0.39612034,0.675199,0.5211959,0.55666715,0.7230653,0.7799216,0.48360083,0.67825633,0.40836906,0.71634555,0.6263607"
"0.011204185,-0.033835486,1.2114533,0.4345028,0.23720449,0.8392321,0.90753984,-0.0009323328,0.6194777,0.5248846,0.6533794,0.5732189,0.16213213,0.7757833"
"-0.3110099,-0.30454323,1.9021999,0.3588422,0.5090863,1.4992094,0.7322603,0.40080482,1.2679974,0.96667135,1.2927052,0.85645175,0.34076327,0.8857347"
"-0.23345864,0.10063859,1.4894488,0.51810855,0.4131736,1.105199,0.6183431,0.08959668,1.1857406,0.28642702,0.7899252,0.317429,0.6341906,1.3482383"
